pretrain,n_id_tasks,group,ft_task_set_size,n_demos,demos_per_task,n_seeds,all_rate,all_ci_lo,all_ci_hi,all_se,id_rate,id_ci_lo,id_ci_hi,id_se,ood_rate,ood_ci_lo,ood_ci_hi,ood_se
diag_03,6,pretrain (no FT),0,0,0,3,23.5938,21.7485,25.5445,0.5916,91.6667,86.7069,94.8851,1.6667,16.5517,14.8795,18.3713,0.7963
diag_03,6,full,64,64,1.0000,3,58.7500,55.6070,61.8232,2.6208,68.8889,58.7170,77.5143,2.9397,57.7011,54.3915,60.9431,2.7896
diag_03,6,full,64,128,2.0000,3,69.8958,66.9195,72.7136,1.6371,84.4444,75.5670,90.5018,2.9397,68.3908,65.2261,71.3938,1.6577
diag_03,6,full,64,256,4.0000,3,71.7708,68.8410,74.5271,1.1024,76.6667,66.9481,84.2019,3.3333,71.2644,68.1690,74.1728,1.3256
diag_03,6,full,64,512,8.0000,3,73.7500,70.8759,76.4347,0.3608,80.0000,70.5861,86.9577,1.9245,73.1034,70.0601,75.9437,0.5267
diag_03,6,orth,16,16,1.0000,3,26.5625,23.8660,29.4458,2.2535,45.5556,35.6594,55.8156,4.0062,24.5977,21.8517,27.5670,2.1288
diag_03,6,orth,16,32,2.0000,3,41.1458,38.0742,44.2881,1.6371,60.0000,49.6701,69.5111,3.3333,39.1954,36.0057,42.4801,2.1288
diag_03,6,orth,16,64,4.0000,3,53.0208,49.8579,56.1597,0.9081,65.5556,55.2833,74.5542,1.1111,51.7241,48.4033,55.0298,0.9123
diag_03,6,orth,16,128,8.0000,3,62.9167,59.8153,65.9151,2.1751,68.8889,58.7170,77.5143,1.1111,62.2989,59.0310,65.4586,2.3918
diag_03,6,orth,16,256,16.0000,3,69.7917,66.8129,72.6127,1.8072,74.4444,64.5622,82.3254,1.1111,69.3103,66.1663,72.2846,1.9608
diag_03,6,orth,16,512,32.0000,3,69.7917,66.8129,72.6127,1.8429,82.2222,73.0559,88.7504,2.9397,68.5057,65.3435,71.5052,1.8498
diag_B4,4,pretrain (no FT),0,0,0,3,5.5729,4.6327,6.6905,0.2270,83.3333,75.6546,88.9441,5.8333,0.3889,0.1885,0.8006,0.2422
diag_B4,4,full,64,64,1.0000,3,56.0417,52.8840,59.1512,1.4014,76.6667,64.5635,85.5606,1.6667,54.6667,51.4013,57.8924,1.5753
diag_B4,4,full,64,128,2.0000,3,64.1667,61.0824,67.1380,2.0518,73.3333,60.9910,82.8675,1.6667,63.5556,60.3598,66.6361,2.1631
diag_B4,4,full,64,256,4.0000,3,58.9583,55.8169,62.0284,0.6336,66.6667,54.0566,77.2709,6.6667,58.4444,55.1955,61.6216,1.0943
diag_B4,4,full,64,512,8.0000,3,61.2500,58.1291,64.2812,2.0333,61.6667,49.0174,72.9119,4.4096,61.2222,57.9976,64.3514,2.1199
diag_B4,4,orth,16,16,1.0000,3,19.2708,16.9002,21.8864,1.1600,53.3333,40.8932,65.3723,6.6667,17.0000,14.6873,19.5932,1.1547
diag_B4,4,orth,16,32,2.0000,3,36.8750,33.8809,39.9737,0.7864,68.3333,55.7660,78.6943,1.6667,34.7778,31.7368,37.9481,0.7286
diag_B4,4,orth,16,64,4.0000,3,51.1458,47.9855,54.2971,1.8162,63.3333,50.6828,74.3793,4.4096,50.3333,47.0723,53.5916,1.8954
diag_B4,4,orth,16,128,8.0000,3,53.8542,50.6915,56.9861,1.9874,66.6667,54.0566,77.2709,6.6667,53.0000,49.7334,56.2411,1.6777
diag_B4,4,orth,16,256,16.0000,3,58.5417,55.3972,61.6180,2.0279,63.3333,50.6828,74.3793,1.6667,58.2222,54.9717,61.4028,2.1886
diag_B4,4,orth,16,512,32.0000,3,61.0417,57.9186,64.0767,3.3866,60.0000,47.3658,71.4307,7.6376,61.1111,57.8853,64.2424,3.1111
scratch,64,scratch_full,64,64,1.0000,3,0.3125,0.1433,0.6801,0.0902,0.3125,0.1433,0.6801,0.0902,nan,nan,nan,0.0000
scratch,64,scratch_full,64,128,2.0000,3,7.2917,6.2120,8.5419,2.0499,7.2917,6.2120,8.5419,2.0499,nan,nan,nan,0.0000
scratch,64,scratch_full,64,256,4.0000,3,24.9479,23.0637,26.9322,3.5463,24.9479,23.0637,26.9322,3.5463,nan,nan,nan,0.0000
scratch,64,scratch_full,64,512,8.0000,3,45.1562,42.9421,47.3897,11.0290,45.1562,42.9421,47.3897,11.0290,nan,nan,nan,0.0000
scratch_vs_diag_03,6,scratch_full,64,64,1.0000,3,0.3125,0.1433,0.6801,0.0902,0.5556,0.0981,3.0794,0.5556,0.2874,0.1228,0.6709,0.0575
scratch_vs_diag_03,6,scratch_full,64,128,2.0000,3,7.2917,6.2120,8.5419,2.0499,7.2222,4.2689,11.9633,2.4216,7.2989,6.1684,8.6174,2.0115
scratch_vs_diag_03,6,scratch_full,64,256,4.0000,3,24.9479,23.0637,26.9322,3.5463,21.1111,15.7847,27.6448,2.7778,25.3448,23.3568,27.4415,3.6262
scratch_vs_diag_03,6,scratch_full,64,512,8.0000,3,45.1562,42.9421,47.3897,11.0290,46.1111,38.9860,53.3987,15.2247,45.0575,42.7330,47.4037,10.6004
scratch_vs_diag_B4,4,scratch_full,64,64,1.0000,3,0.3125,0.1433,0.6801,0.0902,0.8333,0.1473,4.5697,0.8333,0.2778,0.1187,0.6486,0.0556
scratch_vs_diag_B4,4,scratch_full,64,128,2.0000,3,7.2917,6.2120,8.5419,2.0499,6.6667,3.4165,12.6053,1.6667,7.3333,6.2178,8.6306,2.0839
scratch_vs_diag_B4,4,scratch_full,64,256,4.0000,3,24.9479,23.0637,26.9322,3.5463,26.6667,19.5683,35.2126,4.4096,24.8333,22.8924,26.8815,3.5119
scratch_vs_diag_B4,4,scratch_full,64,512,8.0000,3,45.1562,42.9421,47.3897,11.0290,46.6667,37.9828,55.5574,14.4578,45.0556,42.7700,47.3622,10.8262
