ckpt,n_demos,kind,source,metric,n_tasks,n_seeds,rate,se
diag_B4,16,random,random_s0,ft_train,16,3,18.7500,1.9094
diag_B4,16,random,random_s0,ft_heldout,48,3,9.8611,1.0015
diag_B4,16,random,random_s0,all,64,3,12.0833,1.2281
diag_B4,16,random,random_s1,ft_train,16,3,13.7500,0.7217
diag_B4,16,random,random_s1,ft_heldout,48,3,11.9444,0.2778
diag_B4,16,random,random_s1,all,64,3,12.3958,0.3756
diag_B4,16,random,random_s2,ft_train,16,3,18.7500,3.3072
diag_B4,16,random,random_s2,ft_heldout,48,3,13.7500,1.4633
diag_B4,16,random,random_s2,all,64,3,15.0000,1.9094
diag_B4,16,random,random_s3,ft_train,16,3,12.0833,1.1024
diag_B4,16,random,random_s3,ft_heldout,48,3,4.7222,1.0848
diag_B4,16,random,random_s3,all,64,3,6.5625,1.0045
diag_B4,16,random,random_s4,ft_train,16,3,12.5000,2.1651
diag_B4,16,random,random_s4,ft_heldout,48,3,6.1111,0.6054
diag_B4,16,random,random_s4,all,64,3,7.7083,0.8900
diag_B4,16,orthogonal,orthogonal,ft_train,16,3,21.2500,0.0000
diag_B4,16,orthogonal,orthogonal,ft_heldout,48,3,18.6111,1.5466
diag_B4,16,orthogonal,orthogonal,all,64,3,19.2708,1.1600
diag_B4,32,random,random_s0,ft_train,32,3,33.5417,3.0689
diag_B4,32,random,random_s0,ft_heldout,32,3,27.7083,1.9874
diag_B4,32,random,random_s0,all,64,3,30.6250,2.5065
diag_B4,32,random,random_s1,ft_train,32,3,33.1250,2.2535
diag_B4,32,random,random_s1,ft_heldout,32,3,27.0833,3.2742
diag_B4,32,random,random_s1,all,64,3,30.1042,1.2800
diag_B4,32,random,random_s2,ft_train,32,3,42.7083,2.0518
diag_B4,32,random,random_s2,ft_heldout,32,3,30.0000,0.9547
diag_B4,32,random,random_s2,all,64,3,36.3542,1.5023
diag_B4,32,random,random_s3,ft_train,32,3,46.8750,0.9547
diag_B4,32,random,random_s3,ft_heldout,32,3,31.2500,0.3608
diag_B4,32,random,random_s3,all,64,3,39.0625,0.6505
diag_B4,32,random,random_s4,ft_train,32,3,30.4167,1.7053
diag_B4,32,random,random_s4,ft_heldout,32,3,23.9583,1.4583
diag_B4,32,random,random_s4,all,64,3,27.1875,1.3010
diag_B4,32,orthogonal,orthogonal,ft_train,16,3,36.2500,2.6021
diag_B4,32,orthogonal,orthogonal,ft_heldout,48,3,37.0833,1.1024
diag_B4,32,orthogonal,orthogonal,all,64,3,36.8750,0.7864
diag_03,16,random,random_s0,ft_train,16,3,24.5833,1.5023
diag_03,16,random,random_s0,ft_heldout,48,3,14.3056,0.9722
diag_03,16,random,random_s0,all,64,3,16.8750,0.9375
diag_03,16,random,random_s1,ft_train,16,3,23.7500,1.2500
diag_03,16,random,random_s1,ft_heldout,48,3,17.7778,0.7733
diag_03,16,random,random_s1,all,64,3,19.2708,0.8900
diag_03,16,random,random_s2,ft_train,16,3,20.0000,3.1458
diag_03,16,random,random_s2,ft_heldout,48,3,14.0278,0.7733
diag_03,16,random,random_s2,all,64,3,15.5208,0.8526
diag_03,16,random,random_s3,ft_train,16,3,17.5000,2.5000
diag_03,16,random,random_s3,ft_heldout,48,3,14.1667,0.6365
diag_03,16,random,random_s3,all,64,3,15.0000,0.4774
diag_03,16,random,random_s4,ft_train,16,3,17.0833,0.4167
diag_03,16,random,random_s4,ft_heldout,48,3,13.3333,0.2406
diag_03,16,random,random_s4,all,64,3,14.2708,0.1042
diag_03,16,orthogonal,orthogonal,ft_train,16,3,22.0833,4.8052
diag_03,16,orthogonal,orthogonal,ft_heldout,48,3,28.0556,1.8373
diag_03,16,orthogonal,orthogonal,all,64,3,26.5625,2.2535
diag_03,32,random,random_s0,ft_train,32,3,39.7917,0.4167
diag_03,32,random,random_s0,ft_heldout,32,3,27.2917,1.8517
diag_03,32,random,random_s0,all,64,3,33.5417,0.7292
diag_03,32,random,random_s1,ft_train,32,3,41.8750,0.6250
diag_03,32,random,random_s1,ft_heldout,32,3,33.9583,2.4026
diag_03,32,random,random_s1,all,64,3,37.9167,1.4014
diag_03,32,random,random_s2,ft_train,32,3,37.7083,2.5600
diag_03,32,random,random_s2,ft_heldout,32,3,32.2917,3.0689
diag_03,32,random,random_s2,all,64,3,35.0000,2.5259
diag_03,32,random,random_s3,ft_train,32,3,48.5417,3.5600
diag_03,32,random,random_s3,ft_heldout,32,3,40.0000,1.9094
diag_03,32,random,random_s3,all,64,3,44.2708,2.5600
diag_03,32,random,random_s4,ft_train,32,3,35.2083,0.9081
diag_03,32,random,random_s4,ft_heldout,32,3,27.0833,0.5512
diag_03,32,random,random_s4,all,64,3,31.1458,0.7292
diag_03,32,orthogonal,orthogonal,ft_train,16,3,46.2500,2.6021
diag_03,32,orthogonal,orthogonal,ft_heldout,48,3,39.4444,1.4096
diag_03,32,orthogonal,orthogonal,all,64,3,41.1458,1.6371
