pretrain_key,label,n_id_tasks,n_demos,all_rate,all_se,id_rate,id_se,ood_rate,ood_se,n_seeds
diag_B4,$B\!=\!4$,4,0,5.6250,0.0000,77.5000,0.0000,0.8333,0.0000,1
diag_B4,$B\!=\!4$,4,64,56.0417,1.4014,76.6667,1.6667,54.6667,1.5753,3
diag_B4,$B\!=\!4$,4,128,64.1667,2.0518,73.3333,1.6667,63.5556,2.1631,3
diag_03,$B\!=\!6$,6,0,24.6875,0.0000,90.0000,0.0000,17.9310,0.0000,1
diag_03,$B\!=\!6$,6,64,58.7500,2.6208,68.8889,2.9397,57.7011,2.7896,3
diag_03,$B\!=\!6$,6,128,69.8958,1.6371,84.4444,2.9397,68.3908,1.6577,3
random_coverage,$B\!=\!8$,8,0,35.3125,0.0000,86.2500,0.0000,28.0357,0.0000,1
random_coverage,$B\!=\!8$,8,64,68.6458,0.2756,70.8333,3.6324,68.3333,0.4292,3
random_coverage,$B\!=\!8$,8,128,76.1458,1.8072,75.8333,0.8333,76.1905,2.0757,3
orthogonal,$B\!=\!16$ (orthogonal),16,0,79.0625,0.0000,77.5000,0.0000,79.5833,0.0000,1
orthogonal,$B\!=\!16$ (orthogonal),16,64,64.2708,0.3756,69.1667,2.9167,62.6389,0.7733,3
orthogonal,$B\!=\!16$ (orthogonal),16,128,73.3333,0.4167,80.0000,2.5000,71.1111,0.2778,3
