b,condition,metric,mean,sem,std,ci_lo,ci_hi,n_task_sets,n_runs,replicate_kind,n_replicates
4,diag,id,82.0000,0.0000,0.0000,82.0000,82.0000,1,1,single,1
4,diag,ood,3.6700,0.0000,0.0000,3.6700,3.6700,1,1,single,1
5,random,id,77.8667,2.1554,3.7333,75.7112,80.0221,3,9,task_set,3
5,random,ood,7.7980,2.3445,4.0608,5.4535,10.1425,3,9,task_set,3
5,random,total,29.6944,2.1839,3.7826,27.5106,31.8783,3,9,task_set,3
6,random,id,76.4444,2.4977,4.3262,73.9467,78.9422,3,9,task_set,3
6,random,ood,31.1556,4.5525,7.8851,26.6031,35.7080,3,9,task_set,3
6,random,total,48.1389,2.2925,3.9707,45.8464,50.4314,3,9,task_set,3
7,S,id,73.9048,3.2381,5.6085,70.6667,77.1429,1,3,seed,3
7,S,ood,70.6667,0.6789,1.1759,69.9878,71.3456,1,3,seed,3
7,S,total,72.0833,1.2019,2.0817,70.8815,73.2852,1,3,seed,3
7,random,id,71.9365,0.9979,1.7283,70.9387,72.9344,3,9,task_set,3
7,random,ood,58.8148,4.3268,7.4943,54.4880,63.1417,3,9,task_set,3
7,random,total,64.5556,2.4764,4.2893,62.0791,67.0320,3,9,task_set,3
8,random,id,73.4444,1.4699,2.5459,71.9746,74.9143,3,9,task_set,3
8,random,ood,66.7778,2.6428,4.5775,64.1349,69.4206,3,9,task_set,3
8,random,total,70.1111,1.2022,2.0822,68.9089,71.3133,3,9,task_set,3
10,random,id,74.3556,3.1273,5.4166,71.2283,77.4828,3,9,task_set,3
10,random,ood,69.1111,1.7261,2.9897,67.3850,70.8372,3,9,task_set,3
10,random,total,72.3889,2.5938,4.4925,69.7951,74.9827,3,9,task_set,3
16,full,id,73.5000,3.9870,6.9056,69.5130,77.4870,1,3,seed,3
16,full,ood,73.5000,3.9870,6.9056,69.5130,77.4870,1,3,seed,3
16,full,total,73.5000,3.9870,6.9056,69.5130,77.4870,1,3,seed,3
