b,condition,metric,task_set,seed,rate
5,random,id,0,11,77.6000
5,random,id,0,22,77.6000
5,random,id,0,33,67.2000
5,random,id,1,11,82.4000
5,random,id,1,22,70.4000
5,random,id,1,33,80.8000
5,random,id,2,11,79.2000
5,random,id,2,22,80.0000
5,random,id,2,33,85.6000
5,random,ood,0,11,2.1818
5,random,ood,0,22,2.9091
5,random,ood,0,33,4.3636
5,random,ood,1,11,5.0909
5,random,ood,1,22,10.9091
5,random,ood,1,33,16.0000
5,random,ood,2,11,12.7273
5,random,ood,2,22,6.9091
5,random,ood,2,33,9.0909
5,random,total,0,11,25.7500
5,random,total,0,22,26.2500
5,random,total,0,33,24.0000
5,random,total,1,11,29.2500
5,random,total,1,22,29.5000
5,random,total,1,33,36.2500
5,random,total,2,11,33.5000
5,random,total,2,22,29.7500
5,random,total,2,33,33.0000
6,random,id,0,11,74.0000
6,random,id,0,22,82.0000
6,random,id,0,33,68.6667
6,random,id,1,11,85.3333
6,random,id,1,22,81.3333
6,random,id,1,33,77.3333
6,random,id,2,11,78.6667
6,random,id,2,22,71.3333
6,random,id,2,33,69.3333
6,random,ood,0,11,48.4000
6,random,ood,0,22,39.6000
6,random,ood,0,33,30.0000
6,random,ood,1,11,26.4000
6,random,ood,1,22,18.4000
6,random,ood,1,33,26.0000
6,random,ood,2,11,32.0000
6,random,ood,2,22,28.8000
6,random,ood,2,33,30.8000
6,random,total,0,11,58.0000
6,random,total,0,22,55.5000
6,random,total,0,33,44.5000
6,random,total,1,11,48.5000
6,random,total,1,22,42.0000
6,random,total,1,33,45.2500
6,random,total,2,11,49.5000
6,random,total,2,22,44.7500
6,random,total,2,33,45.2500
7,S,id,0,11,77.1429
7,S,id,0,22,77.1429
7,S,id,0,33,67.4286
7,S,ood,0,11,71.1111
7,S,ood,0,22,69.3333
7,S,ood,0,33,71.5556
7,S,total,0,11,73.7500
7,S,total,0,22,72.7500
7,S,total,0,33,69.7500
7,random,id,0,11,71.4286
7,random,id,0,22,81.1429
7,random,id,0,33,64.0000
7,random,id,1,11,73.1429
7,random,id,1,22,65.1429
7,random,id,1,33,72.0000
7,random,id,2,11,82.2857
7,random,id,2,22,77.7143
7,random,id,2,33,60.5714
7,random,ood,0,11,70.2222
7,random,ood,0,22,70.6667
7,random,ood,0,33,61.3333
7,random,ood,1,11,61.7778
7,random,ood,1,22,56.0000
7,random,ood,1,33,48.4444
7,random,ood,2,11,60.8889
7,random,ood,2,22,51.5556
7,random,ood,2,33,48.4444
7,random,total,0,11,70.7500
7,random,total,0,22,75.2500
7,random,total,0,33,62.5000
7,random,total,1,11,66.7500
7,random,total,1,22,60.0000
7,random,total,1,33,58.7500
7,random,total,2,11,70.2500
7,random,total,2,22,63.0000
7,random,total,2,33,53.7500
8,random,id,0,11,70.0000
8,random,id,0,22,75.5000
8,random,id,0,33,66.5000
8,random,id,1,11,85.0000
8,random,id,1,22,73.5000
8,random,id,1,33,68.5000
8,random,id,2,11,78.0000
8,random,id,2,22,76.0000
8,random,id,2,33,68.0000
8,random,ood,0,11,70.5000
8,random,ood,0,22,73.0000
8,random,ood,0,33,68.0000
8,random,ood,1,11,81.0000
8,random,ood,1,22,63.5000
8,random,ood,1,33,60.0000
8,random,ood,2,11,56.0000
8,random,ood,2,22,68.0000
8,random,ood,2,33,61.0000
8,random,total,0,11,70.2500
8,random,total,0,22,74.2500
8,random,total,0,33,67.2500
8,random,total,1,11,83.0000
8,random,total,1,22,68.5000
8,random,total,1,33,64.2500
8,random,total,2,11,67.0000
8,random,total,2,22,72.0000
8,random,total,2,33,64.5000
10,random,id,0,11,78.4000
10,random,id,0,22,75.2000
10,random,id,0,33,68.0000
10,random,id,1,11,72.0000
10,random,id,1,22,72.8000
10,random,id,1,33,62.8000
10,random,id,2,11,83.6000
10,random,id,2,22,77.6000
10,random,id,2,33,78.8000
10,random,ood,0,11,74.0000
10,random,ood,0,22,65.3333
10,random,ood,0,33,65.3333
10,random,ood,1,11,76.6667
10,random,ood,1,22,70.6667
10,random,ood,1,33,52.6667
10,random,ood,2,11,72.6667
10,random,ood,2,22,71.3333
10,random,ood,2,33,73.3333
10,random,total,0,11,76.7500
10,random,total,0,22,71.5000
10,random,total,0,33,67.0000
10,random,total,1,11,73.7500
10,random,total,1,22,72.0000
10,random,total,1,33,59.0000
10,random,total,2,11,79.5000
10,random,total,2,22,75.2500
10,random,total,2,33,76.7500
16,full,id,0,11,75.7500
16,full,id,0,22,79.0000
16,full,id,0,33,65.7500
16,full,ood,0,11,75.7500
16,full,ood,0,22,79.0000
16,full,ood,0,33,65.7500
16,full,total,0,11,75.7500
16,full,total,0,22,79.0000
16,full,total,0,33,65.7500
