b,condition,metric,task_set,mean_rate,n_seeds
5,random,id,0,74.1333,3
5,random,id,1,77.8667,3
5,random,id,2,81.6000,3
5,random,ood,0,3.1515,3
5,random,ood,1,10.6667,3
5,random,ood,2,9.5758,3
5,random,total,0,25.3333,3
5,random,total,1,31.6667,3
5,random,total,2,32.0833,3
6,random,id,0,74.8889,3
6,random,id,1,81.3333,3
6,random,id,2,73.1111,3
6,random,ood,0,39.3333,3
6,random,ood,1,23.6000,3
6,random,ood,2,30.5333,3
6,random,total,0,52.6667,3
6,random,total,1,45.2500,3
6,random,total,2,46.5000,3
7,S,id,0,73.9048,3
7,S,ood,0,70.6667,3
7,S,total,0,72.0833,3
7,random,id,0,72.1905,3
7,random,id,1,70.0952,3
7,random,id,2,73.5238,3
7,random,ood,0,67.4074,3
7,random,ood,1,55.4074,3
7,random,ood,2,53.6296,3
7,random,total,0,69.5000,3
7,random,total,1,61.8333,3
7,random,total,2,62.3333,3
8,random,id,0,70.6667,3
8,random,id,1,75.6667,3
8,random,id,2,74.0000,3
8,random,ood,0,70.5000,3
8,random,ood,1,68.1667,3
8,random,ood,2,61.6667,3
8,random,total,0,70.5833,3
8,random,total,1,71.9167,3
8,random,total,2,67.8333,3
10,random,id,0,73.8667,3
10,random,id,1,69.2000,3
10,random,id,2,80.0000,3
10,random,ood,0,68.2222,3
10,random,ood,1,66.6667,3
10,random,ood,2,72.4444,3
10,random,total,0,71.7500,3
10,random,total,1,68.2500,3
10,random,total,2,77.1667,3
16,full,id,0,73.5000,3
16,full,ood,0,73.5000,3
16,full,total,0,73.5000,3
