b,metric,mean,sem,std,ci_lo,ci_hi,n_task_sets,n_runs,replicate_kind,n_replicates
4,id,83.3333,5.8333,10.1036,77.5000,89.1667,1,3,seed,3
4,ood,0.3889,0.2422,0.4194,0.1467,0.6310,1,3,seed,3
4,total,5.5729,0.2270,0.3932,5.3459,5.7999,1,3,seed,3
6,id,84.6296,3.0316,5.2509,81.5980,87.6612,3,9,task_set,3
6,ood,6.2261,0.5187,0.8983,5.7074,6.7447,3,9,task_set,3
6,total,13.5764,0.4603,0.7973,13.1161,14.0367,3,9,task_set,3
7,id,83.3333,2.1473,3.7192,81.1861,85.4806,3,9,task_set,3
7,ood,25.4191,5.1743,8.9621,20.2448,30.5934,3,9,task_set,3
7,total,31.7535,4.7187,8.1730,27.0348,36.4722,3,9,task_set,3
8,id,83.6111,1.7067,2.9561,81.9044,85.3178,3,9,task_set,3
8,ood,32.4206,1.0197,1.7661,31.4010,33.4403,3,9,task_set,3
8,total,38.8194,0.6793,1.1766,38.1401,39.4987,3,9,task_set,3
10,id,84.3333,2.4037,4.1633,81.9296,86.7370,3,9,task_set,3
10,ood,51.2346,12.4504,21.5647,38.7842,63.6849,3,9,task_set,3
10,total,56.4062,10.8615,18.8127,45.5447,67.2678,3,9,task_set,3
12,id,80.6481,1.2143,2.1033,79.4338,81.8625,3,9,task_set,3
12,ood,64.3803,6.7294,11.6556,57.6510,71.1097,3,9,task_set,3
12,total,67.4306,5.5741,9.6546,61.8565,73.0046,3,9,task_set,3
16,id,81.8750,1.7347,3.0046,80.1403,83.6097,3,9,task_set,3
16,ood,73.7731,2.8656,4.9634,70.9075,76.6388,3,9,task_set,3
16,total,75.7986,2.4087,4.1720,73.3899,78.2073,3,9,task_set,3
20,id,81.6667,1.4175,2.4552,80.2492,83.0842,3,9,task_set,3
20,ood,75.9848,3.0795,5.3338,72.9054,79.0643,3,9,task_set,3
20,total,77.7604,2.5315,4.3846,75.2290,80.2919,3,9,task_set,3
24,id,81.3426,2.8252,4.8934,78.5174,84.1678,3,9,task_set,3
24,ood,76.1944,1.3345,2.3114,74.8600,77.5289,3,9,task_set,3
24,total,78.1250,1.8904,3.2742,76.2346,80.0154,3,9,task_set,3
64,id,78.6458,1.3985,2.4223,77.2473,80.0443,1,3,seed,3
64,ood,78.6458,1.3985,2.4223,77.2473,80.0443,1,3,seed,3
64,total,78.6458,1.3985,2.4223,77.2473,80.0443,1,3,seed,3
