b,metric,task_set,seed,rate
4,id,0,11,77.5000
4,id,0,22,77.5000
4,id,0,33,95.0000
4,ood,0,11,0.8333
4,ood,0,22,0.3333
4,ood,0,33,0.0000
4,total,0,11,5.6250
4,total,0,22,5.1562
4,total,0,33,5.9375
6,id,0,11,81.6667
6,id,0,22,81.6667
6,id,0,33,78.3333
6,id,1,11,83.3333
6,id,1,22,95.0000
6,id,1,33,93.3333
6,id,2,11,81.6667
6,id,2,22,83.3333
6,id,2,33,83.3333
6,ood,0,11,6.3793
6,ood,0,22,7.9310
6,ood,0,33,7.2414
6,ood,1,11,4.4828
6,ood,1,22,8.4483
6,ood,1,33,5.3448
6,ood,2,11,5.5172
6,ood,2,22,5.6897
6,ood,2,33,5.0000
6,total,0,11,13.4375
6,total,0,22,14.8438
6,total,0,33,13.9062
6,total,1,11,11.8750
6,total,1,22,16.5625
6,total,1,33,13.5937
6,total,2,11,12.6562
6,total,2,22,12.9688
6,total,2,33,12.3438
7,id,0,11,74.2857
7,id,0,22,84.2857
7,id,0,33,84.2857
7,id,1,11,91.4286
7,id,1,22,90.0000
7,id,1,33,81.4286
7,id,2,11,84.2857
7,id,2,22,80.0000
7,id,2,33,80.0000
7,ood,0,11,8.5965
7,ood,0,22,16.8421
7,ood,0,33,20.0000
7,ood,1,11,32.4561
7,ood,1,22,26.1404
7,ood,1,33,29.8246
7,ood,2,11,30.3509
7,ood,2,22,34.0351
7,ood,2,33,30.5263
7,total,0,11,15.7812
7,total,0,22,24.2188
7,total,0,33,27.0312
7,total,1,11,38.9062
7,total,1,22,33.1250
7,total,1,33,35.4688
7,total,2,11,36.2500
7,total,2,22,39.0625
7,total,2,33,35.9375
8,id,0,11,82.5000
8,id,0,22,86.2500
8,id,0,33,90.0000
8,id,1,11,80.0000
8,id,1,22,83.7500
8,id,1,33,77.5000
8,id,2,11,82.5000
8,id,2,22,87.5000
8,id,2,33,82.5000
8,ood,0,11,33.3929
8,ood,0,22,28.0357
8,ood,0,33,30.8929
8,ood,1,11,29.8214
8,ood,1,22,40.7143
8,ood,1,33,32.3214
8,ood,2,11,26.0714
8,ood,2,22,34.6429
8,ood,2,33,35.8929
8,total,0,11,39.5312
8,total,0,22,35.3125
8,total,0,33,38.2812
8,total,1,11,36.0938
8,total,1,22,46.0938
8,total,1,33,37.9688
8,total,2,11,33.1250
8,total,2,22,41.2500
8,total,2,33,41.7188
10,id,0,11,87.0000
10,id,0,22,91.0000
10,id,0,33,85.0000
10,id,1,11,75.0000
10,id,1,22,85.0000
10,id,1,33,79.0000
10,id,2,11,84.0000
10,id,2,22,87.0000
10,id,2,33,86.0000
10,ood,0,11,51.8519
10,ood,0,22,73.1481
10,ood,0,33,60.5556
10,ood,1,11,22.2222
10,ood,1,22,24.2593
10,ood,1,33,32.7778
10,ood,2,11,47.9630
10,ood,2,22,70.1852
10,ood,2,33,78.1481
10,total,0,11,57.3438
10,total,0,22,75.9375
10,total,0,33,64.3750
10,total,1,11,30.4688
10,total,1,22,33.7500
10,total,1,33,40.0000
10,total,2,11,53.5937
10,total,2,22,72.8125
10,total,2,33,79.3750
12,id,0,11,78.3333
12,id,0,22,84.1667
12,id,0,33,86.6667
12,id,1,11,74.1667
12,id,1,22,87.5000
12,id,1,33,77.5000
12,id,2,11,76.6667
12,id,2,22,79.1667
12,id,2,33,81.6667
12,ood,0,11,69.0385
12,ood,0,22,75.5769
12,ood,0,33,71.3462
12,ood,1,11,37.5000
12,ood,1,22,63.4615
12,ood,1,33,51.9231
12,ood,2,11,70.9615
12,ood,2,22,66.5385
12,ood,2,33,73.0769
12,total,0,11,70.7812
12,total,0,22,77.1875
12,total,0,33,74.2188
12,total,1,11,44.3750
12,total,1,22,67.9688
12,total,1,33,56.7187
12,total,2,11,72.0312
12,total,2,22,68.9062
12,total,2,33,74.6875
16,id,0,11,88.7500
16,id,0,22,86.2500
16,id,0,33,80.6250
16,id,1,11,76.2500
16,id,1,22,81.8750
16,id,1,33,85.0000
16,id,2,11,75.6250
16,id,2,22,78.7500
16,id,2,33,83.7500
16,ood,0,11,77.0833
16,ood,0,22,82.2917
16,ood,0,33,74.7917
16,ood,1,11,60.6250
16,ood,1,22,70.0000
16,ood,1,33,74.3750
16,ood,2,11,73.3333
16,ood,2,22,77.5000
16,ood,2,33,73.9583
16,total,0,11,80.0000
16,total,0,22,83.2812
16,total,0,33,76.2500
16,total,1,11,64.5312
16,total,1,22,72.9688
16,total,1,33,77.0312
16,total,2,11,73.9062
16,total,2,22,77.8125
16,total,2,33,76.4062
20,id,0,11,88.0000
20,id,0,22,86.0000
20,id,0,33,75.5000
20,id,1,11,80.0000
20,id,1,22,76.5000
20,id,1,33,80.0000
20,id,2,11,83.5000
20,id,2,22,85.5000
20,id,2,33,80.0000
20,ood,0,11,80.9091
20,ood,0,22,78.6364
20,ood,0,33,71.3636
20,ood,1,11,69.7727
20,ood,1,22,67.9545
20,ood,1,33,72.9545
20,ood,2,11,82.2727
20,ood,2,22,83.8636
20,ood,2,33,76.1364
20,total,0,11,83.1250
20,total,0,22,80.9375
20,total,0,33,72.6562
20,total,1,11,72.9688
20,total,1,22,70.6250
20,total,1,33,75.1562
20,total,2,11,82.6562
20,total,2,22,84.3750
20,total,2,33,77.3438
24,id,0,11,84.1667
24,id,0,22,86.2500
24,id,0,33,89.1667
24,id,1,11,71.2500
24,id,1,22,78.7500
24,id,1,33,80.4167
24,id,2,11,82.5000
24,id,2,22,82.9167
24,id,2,33,76.6667
24,ood,0,11,77.7500
24,ood,0,22,76.0000
24,ood,0,33,82.5000
24,ood,1,11,64.2500
24,ood,1,22,79.0000
24,ood,1,33,79.5000
24,ood,2,11,79.2500
24,ood,2,22,81.2500
24,ood,2,33,66.2500
24,total,0,11,80.1562
24,total,0,22,79.8438
24,total,0,33,85.0000
24,total,1,11,66.8750
24,total,1,22,78.9062
24,total,1,33,79.8438
24,total,2,11,80.4688
24,total,2,22,81.8750
24,total,2,33,70.1562
64,id,0,11,77.6562
64,id,0,22,81.4062
64,id,0,33,76.8750
64,ood,0,11,77.6562
64,ood,0,22,81.4062
64,ood,0,33,76.8750
64,total,0,11,77.6562
64,total,0,22,81.4062
64,total,0,33,76.8750
