b,metric,task_set,mean_rate,n_seeds
4,id,0,83.3333,3
4,ood,0,0.3889,3
4,total,0,5.5729,3
6,id,0,80.5556,3
6,id,1,90.5556,3
6,id,2,82.7778,3
6,ood,0,7.1839,3
6,ood,1,6.0920,3
6,ood,2,5.4023,3
6,total,0,14.0625,3
6,total,1,14.0104,3
6,total,2,12.6562,3
7,id,0,80.9524,3
7,id,1,87.6190,3
7,id,2,81.4286,3
7,ood,0,15.1462,3
7,ood,1,29.4737,3
7,ood,2,31.6374,3
7,total,0,22.3438,3
7,total,1,35.8333,3
7,total,2,37.0833,3
8,id,0,86.2500,3
8,id,1,80.4167,3
8,id,2,84.1667,3
8,ood,0,30.7738,3
8,ood,1,34.2857,3
8,ood,2,32.2024,3
8,total,0,37.7083,3
8,total,1,40.0521,3
8,total,2,38.6979,3
10,id,0,87.6667,3
10,id,1,79.6667,3
10,id,2,85.6667,3
10,ood,0,61.8519,3
10,ood,1,26.4198,3
10,ood,2,65.4321,3
10,total,0,65.8854,3
10,total,1,34.7396,3
10,total,2,68.5938,3
12,id,0,83.0556,3
12,id,1,79.7222,3
12,id,2,79.1667,3
12,ood,0,71.9872,3
12,ood,1,50.9615,3
12,ood,2,70.1923,3
12,total,0,74.0625,3
12,total,1,56.3542,3
12,total,2,71.8750,3
16,id,0,85.2083,3
16,id,1,81.0417,3
16,id,2,79.3750,3
16,ood,0,78.0556,3
16,ood,1,68.3333,3
16,ood,2,74.9306,3
16,total,0,79.8438,3
16,total,1,71.5104,3
16,total,2,76.0417,3
20,id,0,83.1667,3
20,id,1,78.8333,3
20,id,2,83.0000,3
20,ood,0,76.9697,3
20,ood,1,70.2273,3
20,ood,2,80.7576,3
20,total,0,78.9062,3
20,total,1,72.9167,3
20,total,2,81.4583,3
24,id,0,86.5278,3
24,id,1,76.8056,3
24,id,2,80.6944,3
24,ood,0,78.7500,3
24,ood,1,74.2500,3
24,ood,2,75.5833,3
24,total,0,81.6667,3
24,total,1,75.2083,3
24,total,2,77.5000,3
64,id,0,78.6458,3
64,ood,0,78.6458,3
64,total,0,78.6458,3
