condition,condition_label,seed,split,n_episodes,pc_success,pc_place_obj0,pc_place_obj0_correct,pc_same_container_violation,pc_same_container_given_place_obj0,pc_obj0_legal_given_place_obj0,pc_pick_obj0,pc_pick_obj1,pc_place_obj1_correct,pc_stage0_success,pc_stage1_success,summary_path
cov6,Cov6,0,all,480,20.0000,57.5000,46.8750,10.6250,18.4783,81.5217,90.0000,38.9583,20.0000,57.5000,20.0000,data/48_tasks/l4_2s_infer_cont0_obj0_cont1_cov6_B16_transformer_cross_masknone_L8/seed0_summary.json
cov6,Cov6,0,id,160,41.2500,63.1250,56.8750,6.2500,9.9010,90.0990,93.1250,52.5000,41.2500,63.1250,41.2500,data/48_tasks/l4_2s_infer_cont0_obj0_cont1_cov6_B16_transformer_cross_masknone_L8/seed0_summary.json
cov6,Cov6,0,ood,320,9.3750,54.6875,41.8750,12.8125,23.4286,76.5714,88.4375,32.1875,9.3750,54.6875,9.3750,data/48_tasks/l4_2s_infer_cont0_obj0_cont1_cov6_B16_transformer_cross_masknone_L8/seed0_summary.json
cov6,Cov6,1,all,480,23.9583,52.9167,45.2083,7.7083,14.5669,85.4331,82.0833,41.0417,23.9583,52.9167,23.9583,data/48_tasks/l4_2s_infer_cont0_obj0_cont1_cov6_B16_transformer_cross_masknone_L8/seed1_summary.json
cov6,Cov6,1,id,160,38.7500,64.3750,56.8750,7.5000,11.6505,88.3495,97.5000,53.1250,38.7500,64.3750,38.7500,data/48_tasks/l4_2s_infer_cont0_obj0_cont1_cov6_B16_transformer_cross_masknone_L8/seed1_summary.json
cov6,Cov6,1,ood,320,16.5625,47.1875,39.3750,7.8125,16.5563,83.4437,74.3750,35.0000,16.5625,47.1875,16.5625,data/48_tasks/l4_2s_infer_cont0_obj0_cont1_cov6_B16_transformer_cross_masknone_L8/seed1_summary.json
cov6,Cov6,2,all,480,18.3333,44.3750,37.0833,7.2917,16.4319,83.5681,68.3333,29.3750,18.3333,44.3750,18.3333,data/48_tasks/l4_2s_infer_cont0_obj0_cont1_cov6_B16_transformer_cross_masknone_L8/seed2_summary.json
cov6,Cov6,2,id,160,45.0000,68.7500,63.7500,5.0000,7.2727,92.7273,99.3750,56.8750,45.0000,68.7500,45.0000,data/48_tasks/l4_2s_infer_cont0_obj0_cont1_cov6_B16_transformer_cross_masknone_L8/seed2_summary.json
cov6,Cov6,2,ood,320,5.0000,32.1875,23.7500,8.4375,26.2136,73.7864,52.8125,15.6250,5.0000,32.1875,5.0000,data/48_tasks/l4_2s_infer_cont0_obj0_cont1_cov6_B16_transformer_cross_masknone_L8/seed2_summary.json
cov6,Cov6,3,all,480,17.9167,64.1667,52.5000,11.6667,18.1818,81.8182,88.7500,39.1667,17.9167,64.1667,17.9167,data/48_tasks/l4_2s_infer_cont0_obj0_cont1_cov6_B16_transformer_cross_masknone_L8/seed3_summary.json
cov6,Cov6,3,id,160,45.6250,71.2500,66.2500,5.0000,7.0175,92.9825,91.8750,56.8750,45.6250,71.2500,45.6250,data/48_tasks/l4_2s_infer_cont0_obj0_cont1_cov6_B16_transformer_cross_masknone_L8/seed3_summary.json
cov6,Cov6,3,ood,320,4.0625,60.6250,45.6250,15.0000,24.7423,75.2577,87.1875,30.3125,4.0625,60.6250,4.0625,data/48_tasks/l4_2s_infer_cont0_obj0_cont1_cov6_B16_transformer_cross_masknone_L8/seed3_summary.json
cov6,Cov6,4,all,480,21.6667,52.0833,45.6250,6.4583,12.4000,87.6000,78.9583,41.6667,21.6667,52.0833,21.6667,data/48_tasks/l4_2s_infer_cont0_obj0_cont1_cov6_B16_transformer_cross_masknone_L8/seed4_summary.json
cov6,Cov6,4,id,160,43.1250,66.8750,61.8750,5.0000,7.4766,92.5234,95.6250,56.8750,43.1250,66.8750,43.1250,data/48_tasks/l4_2s_infer_cont0_obj0_cont1_cov6_B16_transformer_cross_masknone_L8/seed4_summary.json
cov6,Cov6,4,ood,320,10.9375,44.6875,37.5000,7.1875,16.0839,83.9161,70.6250,34.0625,10.9375,44.6875,10.9375,data/48_tasks/l4_2s_infer_cont0_obj0_cont1_cov6_B16_transformer_cross_masknone_L8/seed4_summary.json
cov9,Cov9,0,all,480,27.0833,63.3333,53.9583,9.3750,14.8026,85.1974,94.1667,50.0000,27.0833,63.3333,27.0833,data/48_tasks/l4_2s_infer_cont0_obj0_cont1_cov9_B16_transformer_cross_masknone_L8/seed0_summary.json
cov9,Cov9,0,id,160,44.3750,67.5000,59.3750,8.1250,12.0370,87.9630,97.5000,55.6250,44.3750,67.5000,44.3750,data/48_tasks/l4_2s_infer_cont0_obj0_cont1_cov9_B16_transformer_cross_masknone_L8/seed0_summary.json
cov9,Cov9,0,ood,320,18.4375,61.2500,51.2500,10.0000,16.3265,83.6735,92.5000,47.1875,18.4375,61.2500,18.4375,data/48_tasks/l4_2s_infer_cont0_obj0_cont1_cov9_B16_transformer_cross_masknone_L8/seed0_summary.json
cov9,Cov9,1,all,480,16.6667,54.3750,37.5000,16.8750,31.0345,68.9655,90.6250,32.7083,16.8750,54.3750,16.8750,data/48_tasks/l4_2s_infer_cont0_obj0_cont1_cov9_B16_transformer_cross_masknone_L8/seed1_summary.json
cov9,Cov9,1,id,160,31.2500,54.3750,46.8750,7.5000,13.7931,86.2069,91.2500,41.8750,31.2500,54.3750,31.2500,data/48_tasks/l4_2s_infer_cont0_obj0_cont1_cov9_B16_transformer_cross_masknone_L8/seed1_summary.json
cov9,Cov9,1,ood,320,9.3750,54.3750,32.8125,21.5625,39.6552,60.3448,90.3125,28.1250,9.6875,54.3750,9.6875,data/48_tasks/l4_2s_infer_cont0_obj0_cont1_cov9_B16_transformer_cross_masknone_L8/seed1_summary.json
cov9,Cov9,2,all,480,33.1250,65.4167,56.8750,8.5417,13.0573,86.9427,96.8750,53.1250,33.1250,65.4167,33.1250,data/48_tasks/l4_2s_infer_cont0_obj0_cont1_cov9_B16_transformer_cross_masknone_L8/seed2_summary.json
cov9,Cov9,2,id,160,48.1250,69.3750,65.6250,3.7500,5.4054,94.5946,97.5000,62.5000,48.1250,69.3750,48.1250,data/48_tasks/l4_2s_infer_cont0_obj0_cont1_cov9_B16_transformer_cross_masknone_L8/seed2_summary.json
cov9,Cov9,2,ood,320,25.6250,63.4375,52.5000,10.9375,17.2414,82.7586,96.5625,48.4375,25.6250,63.4375,25.6250,data/48_tasks/l4_2s_infer_cont0_obj0_cont1_cov9_B16_transformer_cross_masknone_L8/seed2_summary.json
cov9,Cov9,3,all,480,24.3750,53.3333,46.4583,6.8750,12.8906,87.1094,80.6250,41.4583,24.3750,53.3333,24.3750,data/48_tasks/l4_2s_infer_cont0_obj0_cont1_cov9_B16_transformer_cross_masknone_L8/seed3_summary.json
cov9,Cov9,3,id,160,41.2500,63.1250,60.0000,3.1250,4.9505,95.0495,87.5000,57.5000,41.2500,63.1250,41.2500,data/48_tasks/l4_2s_infer_cont0_obj0_cont1_cov9_B16_transformer_cross_masknone_L8/seed3_summary.json
cov9,Cov9,3,ood,320,15.9375,48.4375,39.6875,8.7500,18.0645,81.9355,77.1875,33.4375,15.9375,48.4375,15.9375,data/48_tasks/l4_2s_infer_cont0_obj0_cont1_cov9_B16_transformer_cross_masknone_L8/seed3_summary.json
cov9,Cov9,4,all,480,31.4583,54.7917,50.0000,4.7917,8.7452,91.2548,89.7917,45.2083,31.4583,54.7917,31.4583,data/48_tasks/l4_2s_infer_cont0_obj0_cont1_cov9_B16_transformer_cross_masknone_L8/seed4_summary.json
cov9,Cov9,4,id,160,44.3750,66.8750,65.0000,1.8750,2.8037,97.1963,96.2500,60.0000,44.3750,66.8750,44.3750,data/48_tasks/l4_2s_infer_cont0_obj0_cont1_cov9_B16_transformer_cross_masknone_L8/seed4_summary.json
cov9,Cov9,4,ood,320,25.0000,48.7500,42.5000,6.2500,12.8205,87.1795,86.5625,37.8125,25.0000,48.7500,25.0000,data/48_tasks/l4_2s_infer_cont0_obj0_cont1_cov9_B16_transformer_cross_masknone_L8/seed4_summary.json
cov12,Cov12,0,all,480,38.9583,65.8333,61.2500,4.5833,6.9620,93.0380,95.0000,55.6250,38.9583,65.8333,38.9583,data/48_tasks/l4_2s_infer_cont0_obj0_cont1_cov12_B16_transformer_cross_masknone_L8/seed0_summary.json
cov12,Cov12,0,id,160,40.6250,65.0000,63.7500,1.2500,1.9231,98.0769,95.0000,55.6250,40.6250,65.0000,40.6250,data/48_tasks/l4_2s_infer_cont0_obj0_cont1_cov12_B16_transformer_cross_masknone_L8/seed0_summary.json
cov12,Cov12,0,ood,320,38.1250,66.2500,60.0000,6.2500,9.4340,90.5660,95.0000,55.6250,38.1250,66.2500,38.1250,data/48_tasks/l4_2s_infer_cont0_obj0_cont1_cov12_B16_transformer_cross_masknone_L8/seed0_summary.json
cov12,Cov12,1,all,480,33.3333,64.5833,59.1667,5.4167,8.3871,91.6129,94.5833,51.0417,33.3333,64.5833,33.3333,data/48_tasks/l4_2s_infer_cont0_obj0_cont1_cov12_B16_transformer_cross_masknone_L8/seed1_summary.json
cov12,Cov12,1,id,160,37.5000,65.0000,60.6250,4.3750,6.7308,93.2692,92.5000,55.0000,37.5000,65.0000,37.5000,data/48_tasks/l4_2s_infer_cont0_obj0_cont1_cov12_B16_transformer_cross_masknone_L8/seed1_summary.json
cov12,Cov12,1,ood,320,31.2500,64.3750,58.4375,5.9375,9.2233,90.7767,95.6250,49.0625,31.2500,64.3750,31.2500,data/48_tasks/l4_2s_infer_cont0_obj0_cont1_cov12_B16_transformer_cross_masknone_L8/seed1_summary.json
cov12,Cov12,2,all,480,18.3333,62.7083,50.8333,11.8750,18.9369,81.0631,96.2500,40.2083,18.3333,62.7083,18.3333,data/48_tasks/l4_2s_infer_cont0_obj0_cont1_cov12_B16_transformer_cross_masknone_L8/seed2_summary.json
cov12,Cov12,2,id,160,33.1250,65.0000,55.0000,10.0000,15.3846,84.6154,97.5000,50.6250,33.1250,65.0000,33.1250,data/48_tasks/l4_2s_infer_cont0_obj0_cont1_cov12_B16_transformer_cross_masknone_L8/seed2_summary.json
cov12,Cov12,2,ood,320,10.9375,61.5625,48.7500,12.8125,20.8122,79.1878,95.6250,35.0000,10.9375,61.5625,10.9375,data/48_tasks/l4_2s_infer_cont0_obj0_cont1_cov12_B16_transformer_cross_masknone_L8/seed2_summary.json
cov12,Cov12,3,all,480,23.5417,47.7083,42.7083,5.0000,10.4803,89.5197,91.8750,37.9167,23.5417,47.7083,23.5417,data/48_tasks/l4_2s_infer_cont0_obj0_cont1_cov12_B16_transformer_cross_masknone_L8/seed3_summary.json
cov12,Cov12,3,id,160,30.6250,48.1250,45.0000,3.1250,6.4935,93.5065,96.2500,41.2500,30.6250,48.1250,30.6250,data/48_tasks/l4_2s_infer_cont0_obj0_cont1_cov12_B16_transformer_cross_masknone_L8/seed3_summary.json
cov12,Cov12,3,ood,320,20.0000,47.5000,41.5625,5.9375,12.5000,87.5000,89.6875,36.2500,20.0000,47.5000,20.0000,data/48_tasks/l4_2s_infer_cont0_obj0_cont1_cov12_B16_transformer_cross_masknone_L8/seed3_summary.json
cov12,Cov12,4,all,480,30.0000,56.2500,51.8750,4.3750,7.7778,92.2222,94.1667,44.5833,30.0000,56.2500,30.0000,data/48_tasks/l4_2s_infer_cont0_obj0_cont1_cov12_B16_transformer_cross_masknone_L8/seed4_summary.json
cov12,Cov12,4,id,160,31.8750,58.1250,55.6250,2.5000,4.3011,95.6989,96.2500,49.3750,31.8750,58.1250,31.8750,data/48_tasks/l4_2s_infer_cont0_obj0_cont1_cov12_B16_transformer_cross_masknone_L8/seed4_summary.json
cov12,Cov12,4,ood,320,29.0625,55.3125,50.0000,5.3125,9.6045,90.3955,93.1250,42.1875,29.0625,55.3125,29.0625,data/48_tasks/l4_2s_infer_cont0_obj0_cont1_cov12_B16_transformer_cross_masknone_L8/seed4_summary.json
orthogonal,Cov16,0,all,480,40.4167,70.4167,60.4167,10.0000,14.2012,85.7988,95.0000,55.6250,40.4167,70.4167,40.4167,data/48_tasks/l4_2s_infer_cont0_orthogonal_transformer_cross_masknone_L8/seed0_summary.json
orthogonal,Cov16,0,id,160,35.6250,69.3750,59.3750,10.0000,14.4144,85.5856,95.6250,53.1250,35.6250,69.3750,35.6250,data/48_tasks/l4_2s_infer_cont0_orthogonal_transformer_cross_masknone_L8/seed0_summary.json
orthogonal,Cov16,0,ood,320,42.8125,70.9375,60.9375,10.0000,14.0969,85.9031,94.6875,56.8750,42.8125,70.9375,42.8125,data/48_tasks/l4_2s_infer_cont0_orthogonal_transformer_cross_masknone_L8/seed0_summary.json
orthogonal,Cov16,1,all,480,33.5417,65.8333,58.3333,7.5000,11.3924,88.6076,96.6667,51.6667,33.5417,65.8333,33.5417,data/48_tasks/l4_2s_infer_cont0_orthogonal_transformer_cross_masknone_L8/seed1_summary.json
orthogonal,Cov16,1,id,160,40.6250,66.2500,61.2500,5.0000,7.5472,92.4528,96.8750,56.2500,40.6250,66.2500,40.6250,data/48_tasks/l4_2s_infer_cont0_orthogonal_transformer_cross_masknone_L8/seed1_summary.json
orthogonal,Cov16,1,ood,320,30.0000,65.6250,56.8750,8.7500,13.3333,86.6667,96.5625,49.3750,30.0000,65.6250,30.0000,data/48_tasks/l4_2s_infer_cont0_orthogonal_transformer_cross_masknone_L8/seed1_summary.json
orthogonal,Cov16,2,all,480,27.0833,63.1250,53.3333,9.7917,15.5116,84.4884,95.8333,45.0000,27.0833,63.1250,27.0833,data/48_tasks/l4_2s_infer_cont0_orthogonal_transformer_cross_masknone_L8/seed2_summary.json
orthogonal,Cov16,2,id,160,35.6250,66.8750,58.7500,8.1250,12.1495,87.8505,95.0000,53.7500,35.6250,66.8750,35.6250,data/48_tasks/l4_2s_infer_cont0_orthogonal_transformer_cross_masknone_L8/seed2_summary.json
orthogonal,Cov16,2,ood,320,22.8125,61.2500,50.6250,10.6250,17.3469,82.6531,96.2500,40.6250,22.8125,61.2500,22.8125,data/48_tasks/l4_2s_infer_cont0_orthogonal_transformer_cross_masknone_L8/seed2_summary.json
orthogonal,Cov16,3,all,480,29.5833,60.4167,53.3333,7.0833,11.7241,88.2759,86.6667,45.0000,29.5833,60.4167,29.5833,data/48_tasks/l4_2s_infer_cont0_orthogonal_transformer_cross_masknone_L8/seed3_summary.json
orthogonal,Cov16,3,id,160,40.6250,68.7500,63.7500,5.0000,7.2727,92.7273,93.1250,55.0000,40.6250,68.7500,40.6250,data/48_tasks/l4_2s_infer_cont0_orthogonal_transformer_cross_masknone_L8/seed3_summary.json
orthogonal,Cov16,3,ood,320,24.0625,56.2500,48.1250,8.1250,14.4444,85.5556,83.4375,40.0000,24.0625,56.2500,24.0625,data/48_tasks/l4_2s_infer_cont0_orthogonal_transformer_cross_masknone_L8/seed3_summary.json
orthogonal,Cov16,4,all,480,37.9167,67.5000,61.2500,6.2500,9.2593,90.7407,96.6667,55.2083,37.9167,67.5000,37.9167,data/48_tasks/l4_2s_infer_cont0_orthogonal_transformer_cross_masknone_L8/seed4_summary.json
orthogonal,Cov16,4,id,160,38.7500,69.3750,63.1250,6.2500,9.0090,90.9910,98.1250,56.2500,38.7500,69.3750,38.7500,data/48_tasks/l4_2s_infer_cont0_orthogonal_transformer_cross_masknone_L8/seed4_summary.json
orthogonal,Cov16,4,ood,320,37.5000,66.5625,60.3125,6.2500,9.3897,90.6103,95.9375,54.6875,37.5000,66.5625,37.5000,data/48_tasks/l4_2s_infer_cont0_orthogonal_transformer_cross_masknone_L8/seed4_summary.json
full,Full,0,all,480,40.2083,69.5833,60.6250,8.9583,12.8743,87.1257,94.1667,55.8333,40.2083,69.5833,40.2083,data/48_tasks/l4_2s_infer_cont0_full_transformer_cross_masknone_L8/seed0_summary.json
full,Full,0,id,480,40.2083,69.5833,60.6250,8.9583,12.8743,87.1257,94.1667,55.8333,40.2083,69.5833,40.2083,data/48_tasks/l4_2s_infer_cont0_full_transformer_cross_masknone_L8/seed0_summary.json
full,Full,0,ood,0,0.0000,0.0000,0.0000,0.0000,,,0.0000,0.0000,0.0000,0.0000,0.0000,data/48_tasks/l4_2s_infer_cont0_full_transformer_cross_masknone_L8/seed0_summary.json
full,Full,1,all,480,32.7083,55.2083,48.7500,6.4583,11.6981,88.3019,91.4583,45.0000,32.7083,55.2083,32.7083,data/48_tasks/l4_2s_infer_cont0_full_transformer_cross_masknone_L8/seed1_summary.json
full,Full,1,id,480,32.7083,55.2083,48.7500,6.4583,11.6981,88.3019,91.4583,45.0000,32.7083,55.2083,32.7083,data/48_tasks/l4_2s_infer_cont0_full_transformer_cross_masknone_L8/seed1_summary.json
full,Full,1,ood,0,0.0000,0.0000,0.0000,0.0000,,,0.0000,0.0000,0.0000,0.0000,0.0000,data/48_tasks/l4_2s_infer_cont0_full_transformer_cross_masknone_L8/seed1_summary.json
full,Full,2,all,480,38.1250,68.5417,59.3750,9.1667,13.3739,86.6261,96.4583,54.3750,38.1250,68.5417,38.1250,data/48_tasks/l4_2s_infer_cont0_full_transformer_cross_masknone_L8/seed2_summary.json
full,Full,2,id,480,38.1250,68.5417,59.3750,9.1667,13.3739,86.6261,96.4583,54.3750,38.1250,68.5417,38.1250,data/48_tasks/l4_2s_infer_cont0_full_transformer_cross_masknone_L8/seed2_summary.json
full,Full,2,ood,0,0.0000,0.0000,0.0000,0.0000,,,0.0000,0.0000,0.0000,0.0000,0.0000,data/48_tasks/l4_2s_infer_cont0_full_transformer_cross_masknone_L8/seed2_summary.json
full,Full,3,all,480,31.0417,64.1667,55.6250,8.5417,13.3117,86.6883,90.8333,51.0417,31.0417,64.1667,31.0417,data/48_tasks/l4_2s_infer_cont0_full_transformer_cross_masknone_L8/seed3_summary.json
full,Full,3,id,480,31.0417,64.1667,55.6250,8.5417,13.3117,86.6883,90.8333,51.0417,31.0417,64.1667,31.0417,data/48_tasks/l4_2s_infer_cont0_full_transformer_cross_masknone_L8/seed3_summary.json
full,Full,3,ood,0,0.0000,0.0000,0.0000,0.0000,,,0.0000,0.0000,0.0000,0.0000,0.0000,data/48_tasks/l4_2s_infer_cont0_full_transformer_cross_masknone_L8/seed3_summary.json
full,Full,4,all,480,29.5833,53.9583,49.1667,4.7917,8.8803,91.1197,96.4583,45.2083,29.5833,53.9583,29.5833,data/48_tasks/l4_2s_infer_cont0_full_transformer_cross_masknone_L8/seed4_summary.json
full,Full,4,id,480,29.5833,53.9583,49.1667,4.7917,8.8803,91.1197,96.4583,45.2083,29.5833,53.9583,29.5833,data/48_tasks/l4_2s_infer_cont0_full_transformer_cross_masknone_L8/seed4_summary.json
full,Full,4,ood,0,0.0000,0.0000,0.0000,0.0000,,,0.0000,0.0000,0.0000,0.0000,0.0000,data/48_tasks/l4_2s_infer_cont0_full_transformer_cross_masknone_L8/seed4_summary.json
