condition,condition_label,split,metric,mean,se,n_seeds,n_episodes
cov4,Cov4,all,avg_ep_length,482.2352,0.9088,3,1080
cov4,Cov4,all,avg_max_reward,0.1917,0.0089,3,1080
cov4,Cov4,all,avg_pick_obj0_step,85.5329,9.1493,3,1080
cov4,Cov4,all,avg_pick_obj1_step,263.4751,3.2459,3,1080
cov4,Cov4,all,avg_stage0_step,227.6324,12.2279,3,1080
cov4,Cov4,all,avg_stage1_step,373.9152,2.2273,3,1080
cov4,Cov4,all,avg_sum_reward,0.2491,0.0109,3,1080
cov4,Cov4,all,eval_ep_s,5.8023,2.2501,3,1080
cov4,Cov4,all,eval_s,2088.8309,810.0188,3,1080
cov4,Cov4,all,n_episodes,360.0000,0.0000,3,1080
cov4,Cov4,all,n_id_episodes,120.0000,0.0000,3,1080
cov4,Cov4,all,n_ood_episodes,240.0000,0.0000,3,1080
cov4,Cov4,all,n_success,50.6667,1.7638,3,1080
cov4,Cov4,all,pc_no_stage0,66.2037,1.9924,3,1080
cov4,Cov4,all,pc_obj0_legal_given_place_obj0,83.2440,2.1481,3,1080
cov4,Cov4,all,pc_pick_obj0,59.4444,5.1445,3,1080
cov4,Cov4,all,pc_pick_obj1,24.6296,1.2963,3,1080
cov4,Cov4,all,pc_place_obj0,33.7963,1.9924,3,1080
cov4,Cov4,all,pc_place_obj0_correct,28.0556,1.0015,3,1080
cov4,Cov4,all,pc_place_obj1,16.9444,0.2778,3,1080
cov4,Cov4,all,pc_place_obj1_correct,14.0741,0.4900,3,1080
cov4,Cov4,all,pc_place_obj1_wrong,2.8704,0.5155,3,1080
cov4,Cov4,all,pc_same_container_given_place_obj0,16.7560,2.1481,3,1080
cov4,Cov4,all,pc_same_container_violation,5.7407,1.0678,3,1080
cov4,Cov4,all,pc_stage0_only,13.9815,1.3450,3,1080
cov4,Cov4,all,pc_stage0_success,33.7963,1.9924,3,1080
cov4,Cov4,all,pc_stage0_to_bin,10.7407,0.9259,3,1080
cov4,Cov4,all,pc_stage0_to_mug,6.9444,1.1226,3,1080
cov4,Cov4,all,pc_stage0_to_mug_no_handle,7.5000,0.8929,3,1080
cov4,Cov4,all,pc_stage0_to_plate,8.6111,0.3208,3,1080
cov4,Cov4,all,pc_stage1_success,14.0741,0.4900,3,1080
cov4,Cov4,all,pc_stage1_to_bin,4.5370,0.0926,3,1080
cov4,Cov4,all,pc_stage1_to_mug,4.1667,0.4243,3,1080
cov4,Cov4,all,pc_stage1_to_mug_no_handle,3.8889,0.1604,3,1080
cov4,Cov4,all,pc_stage1_to_plate,4.3519,0.5632,3,1080
cov4,Cov4,all,pc_success,14.0741,0.4900,3,1080
cov4,Cov4,all,std_ep_length,46.0760,1.4117,3,1080
cov6,Cov6,all,avg_ep_length,482.9641,2.8645,4,1560
cov6,Cov6,all,avg_max_reward,0.2276,0.0391,4,1560
cov6,Cov6,all,avg_pick_obj0_step,75.1467,6.4781,4,1560
cov6,Cov6,all,avg_pick_obj1_step,265.1644,2.3752,4,1560
cov6,Cov6,all,avg_stage0_step,232.8490,2.0594,4,1560
cov6,Cov6,all,avg_stage1_step,383.2042,4.5766,4,1560
cov6,Cov6,all,avg_sum_reward,0.2806,0.0416,4,1560
cov6,Cov6,all,eval_ep_s,5.4428,1.6381,4,1560
cov6,Cov6,all,eval_s,2269.0980,898.0273,4,1560
cov6,Cov6,all,n_episodes,390.0000,30.0000,4,1560
cov6,Cov6,all,n_id_episodes,120.0000,0.0000,4,1560
cov6,Cov6,all,n_ood_episodes,270.0000,30.0000,4,1560
cov6,Cov6,all,n_success,56.0000,8.0104,4,1560
cov6,Cov6,all,pc_no_stage0,55.5903,6.0307,4,1560
cov6,Cov6,all,pc_obj0_legal_given_place_obj0,82.3357,1.1338,4,1560
cov6,Cov6,all,pc_pick_obj0,78.4375,8.0414,4,1560
cov6,Cov6,all,pc_pick_obj1,29.5312,4.4695,4,1560
cov6,Cov6,all,pc_place_obj0,44.4097,6.0307,4,1560
cov6,Cov6,all,pc_place_obj0_correct,36.4236,4.7189,4,1560
cov6,Cov6,all,pc_place_obj1,18.9583,4.4450,4,1560
cov6,Cov6,all,pc_place_obj1_correct,14.7049,2.6034,4,1560
cov6,Cov6,all,pc_place_obj1_wrong,4.2535,1.9389,4,1560
cov6,Cov6,all,pc_same_container_given_place_obj0,17.6643,1.1338,4,1560
cov6,Cov6,all,pc_same_container_violation,7.9861,1.3531,4,1560
cov6,Cov6,all,pc_stage0_only,21.7188,2.6082,4,1560
cov6,Cov6,all,pc_stage0_success,44.4097,6.0307,4,1560
cov6,Cov6,all,pc_stage0_to_bin,12.2569,2.3367,4,1560
cov6,Cov6,all,pc_stage0_to_mug,9.8785,0.9666,4,1560
cov6,Cov6,all,pc_stage0_to_mug_no_handle,11.7708,2.5744,4,1560
cov6,Cov6,all,pc_stage0_to_plate,10.5035,1.2066,4,1560
cov6,Cov6,all,pc_stage1_success,14.7049,2.6034,4,1560
cov6,Cov6,all,pc_stage1_to_bin,2.8125,0.6622,4,1560
cov6,Cov6,all,pc_stage1_to_mug,5.6424,2.9058,4,1560
cov6,Cov6,all,pc_stage1_to_mug_no_handle,2.5868,0.5623,4,1560
cov6,Cov6,all,pc_stage1_to_plate,7.9167,2.4123,4,1560
cov6,Cov6,all,pc_success,14.7049,2.6034,4,1560
cov6,Cov6,all,std_ep_length,42.8409,2.7270,4,1560
cov9,Cov9,all,avg_ep_length,472.7333,1.0173,3,1080
cov9,Cov9,all,avg_max_reward,0.2954,0.0122,3,1080
cov9,Cov9,all,avg_pick_obj0_step,60.8505,2.4109,3,1080
cov9,Cov9,all,avg_pick_obj1_step,260.6074,3.9756,3,1080
cov9,Cov9,all,avg_stage0_step,213.1400,3.1944,3,1080
cov9,Cov9,all,avg_stage1_step,377.3769,2.4517,3,1080
cov9,Cov9,all,avg_sum_reward,0.3630,0.0162,3,1080
cov9,Cov9,all,eval_ep_s,5.8652,2.3351,3,1080
cov9,Cov9,all,eval_s,2111.4708,840.6279,3,1080
cov9,Cov9,all,n_episodes,360.0000,0.0000,3,1080
cov9,Cov9,all,n_id_episodes,120.0000,0.0000,3,1080
cov9,Cov9,all,n_ood_episodes,240.0000,0.0000,3,1080
cov9,Cov9,all,n_success,80.0000,1.5275,3,1080
cov9,Cov9,all,pc_no_stage0,45.3704,3.2919,3,1080
cov9,Cov9,all,pc_obj0_legal_given_place_obj0,87.8030,0.9379,3,1080
cov9,Cov9,all,pc_pick_obj0,91.8519,2.0307,3,1080
cov9,Cov9,all,pc_pick_obj1,42.4074,2.5975,3,1080
cov9,Cov9,all,pc_place_obj0,54.6296,3.2919,3,1080
cov9,Cov9,all,pc_place_obj0_correct,47.9630,2.8882,3,1080
cov9,Cov9,all,pc_place_obj1,24.9074,1.1821,3,1080
cov9,Cov9,all,pc_place_obj1_correct,22.2222,0.4243,3,1080
cov9,Cov9,all,pc_place_obj1_wrong,2.6852,0.8072,3,1080
cov9,Cov9,all,pc_same_container_given_place_obj0,12.1970,0.9379,3,1080
cov9,Cov9,all,pc_same_container_violation,6.6667,0.6991,3,1080
cov9,Cov9,all,pc_stage0_only,25.7407,2.6708,3,1080
cov9,Cov9,all,pc_stage0_success,54.6296,3.2919,3,1080
cov9,Cov9,all,pc_stage0_to_bin,12.9630,1.4815,3,1080
cov9,Cov9,all,pc_stage0_to_mug,12.1296,0.8833,3,1080
cov9,Cov9,all,pc_stage0_to_mug_no_handle,14.9074,1.1378,3,1080
cov9,Cov9,all,pc_stage0_to_plate,14.6296,2.2529,3,1080
cov9,Cov9,all,pc_stage1_success,22.2222,0.4243,3,1080
cov9,Cov9,all,pc_stage1_to_bin,5.1852,0.6072,3,1080
cov9,Cov9,all,pc_stage1_to_mug,5.6481,0.4630,3,1080
cov9,Cov9,all,pc_stage1_to_mug_no_handle,6.3889,0.8333,3,1080
cov9,Cov9,all,pc_stage1_to_plate,7.6852,0.3338,3,1080
cov9,Cov9,all,pc_success,22.2222,0.4243,3,1080
cov9,Cov9,all,std_ep_length,54.3165,1.1448,3,1080
cov12,Cov12,all,avg_ep_length,470.9315,4.1475,3,1080
cov12,Cov12,all,avg_max_reward,0.3093,0.0144,3,1080
cov12,Cov12,all,avg_pick_obj0_step,62.6828,0.8734,3,1080
cov12,Cov12,all,avg_pick_obj1_step,260.3829,5.4066,3,1080
cov12,Cov12,all,avg_stage0_step,217.2066,6.3431,3,1080
cov12,Cov12,all,avg_stage1_step,373.9149,5.1259,3,1080
cov12,Cov12,all,avg_sum_reward,0.3880,0.0204,3,1080
cov12,Cov12,all,eval_ep_s,3.5496,0.0117,3,1080
cov12,Cov12,all,eval_s,1277.8579,4.2032,3,1080
cov12,Cov12,all,n_episodes,360.0000,0.0000,3,1080
cov12,Cov12,all,n_id_episodes,120.0000,0.0000,3,1080
cov12,Cov12,all,n_ood_episodes,240.0000,0.0000,3,1080
cov12,Cov12,all,n_success,82.3333,8.9876,3,1080
cov12,Cov12,all,pc_no_stage0,45.5556,0.4243,3,1080
cov12,Cov12,all,pc_obj0_legal_given_place_obj0,86.6894,2.9346,3,1080
cov12,Cov12,all,pc_pick_obj0,90.8333,0.7349,3,1080
cov12,Cov12,all,pc_pick_obj1,42.6852,2.3148,3,1080
cov12,Cov12,all,pc_place_obj0,54.4444,0.4243,3,1080
cov12,Cov12,all,pc_place_obj0_correct,47.2222,1.9510,3,1080
cov12,Cov12,all,pc_place_obj1,26.6667,2.0849,3,1080
cov12,Cov12,all,pc_place_obj1_correct,22.8704,2.4966,3,1080
cov12,Cov12,all,pc_place_obj1_wrong,3.7963,0.4630,3,1080
cov12,Cov12,all,pc_same_container_given_place_obj0,13.3106,2.9346,3,1080
cov12,Cov12,all,pc_same_container_violation,7.2222,1.5299,3,1080
cov12,Cov12,all,pc_stage0_only,24.3519,0.9397,3,1080
cov12,Cov12,all,pc_stage0_success,54.4444,0.4243,3,1080
cov12,Cov12,all,pc_stage0_to_bin,14.3519,1.7883,3,1080
cov12,Cov12,all,pc_stage0_to_mug,14.0741,1.7666,3,1080
cov12,Cov12,all,pc_stage0_to_mug_no_handle,11.1111,2.0095,3,1080
cov12,Cov12,all,pc_stage0_to_plate,14.9074,1.8726,3,1080
cov12,Cov12,all,pc_stage1_success,22.8704,2.4966,3,1080
cov12,Cov12,all,pc_stage1_to_bin,6.4815,0.1852,3,1080
cov12,Cov12,all,pc_stage1_to_mug,5.1852,1.0311,3,1080
cov12,Cov12,all,pc_stage1_to_mug_no_handle,7.1296,0.7579,3,1080
cov12,Cov12,all,pc_stage1_to_plate,7.8704,1.2143,3,1080
cov12,Cov12,all,pc_success,22.8704,2.4966,3,1080
cov12,Cov12,all,std_ep_length,55.6203,3.7331,3,1080
full,Full,all,avg_ep_length,454.9991,0.9006,3,1080
full,Full,all,avg_max_reward,0.4500,0.0058,3,1080
full,Full,all,avg_pick_obj0_step,57.9126,1.5933,3,1080
full,Full,all,avg_pick_obj1_step,260.2694,2.2493,3,1080
full,Full,all,avg_stage0_step,205.5894,1.1450,3,1080
full,Full,all,avg_stage1_step,379.6705,1.1919,3,1080
full,Full,all,avg_sum_reward,0.5602,0.0065,3,1080
full,Full,all,eval_ep_s,3.5589,0.0171,3,1080
full,Full,all,eval_s,1281.1992,6.1622,3,1080
full,Full,all,n_episodes,360.0000,0.0000,3,1080
full,Full,all,n_id_episodes,360.0000,0.0000,3,1080
full,Full,all,n_ood_episodes,0.0000,0.0000,3,1080
full,Full,all,n_success,134.6667,3.1798,3,1080
full,Full,all,pc_no_stage0,33.6111,2.9702,3,1080
full,Full,all,pc_obj0_legal_given_place_obj0,91.5949,0.4858,3,1080
full,Full,all,pc_pick_obj0,94.9074,0.3704,3,1080
full,Full,all,pc_pick_obj1,56.6667,3.1955,3,1080
full,Full,all,pc_place_obj0,66.3889,2.9702,3,1080
full,Full,all,pc_place_obj0_correct,60.8333,3.0046,3,1080
full,Full,all,pc_place_obj1,38.9815,0.8072,3,1080
full,Full,all,pc_place_obj1_correct,37.4074,0.8833,3,1080
full,Full,all,pc_place_obj1_wrong,1.5741,1.1821,3,1080
full,Full,all,pc_same_container_given_place_obj0,8.4051,0.4858,3,1080
full,Full,all,pc_same_container_violation,5.5556,0.1604,3,1080
full,Full,all,pc_stage0_only,23.4259,3.4259,3,1080
full,Full,all,pc_stage0_success,66.3889,2.9702,3,1080
full,Full,all,pc_stage0_to_bin,16.0185,1.2037,3,1080
full,Full,all,pc_stage0_to_mug,15.0926,2.2756,3,1080
full,Full,all,pc_stage0_to_mug_no_handle,16.3889,1.5299,3,1080
full,Full,all,pc_stage0_to_plate,18.8889,1.5299,3,1080
full,Full,all,pc_stage1_success,37.4074,0.8833,3,1080
full,Full,all,pc_stage1_to_bin,8.8889,0.3208,3,1080
full,Full,all,pc_stage1_to_mug,8.5185,0.3704,3,1080
full,Full,all,pc_stage1_to_mug_no_handle,9.2593,0.1852,3,1080
full,Full,all,pc_stage1_to_plate,12.3148,0.7407,3,1080
full,Full,all,pc_success,37.4074,0.8833,3,1080
full,Full,all,std_ep_length,62.9475,0.2186,3,1080
cov4,Cov4,id,avg_ep_length,449.8806,5.0938,3,360
cov4,Cov4,id,avg_max_reward,0.4556,0.0278,3,360
cov4,Cov4,id,avg_pick_obj0_step,55.7835,2.7242,3,360
cov4,Cov4,id,avg_pick_obj1_step,258.9676,3.7841,3,360
cov4,Cov4,id,avg_stage0_step,189.4772,3.4025,3,360
cov4,Cov4,id,avg_stage1_step,374.2581,2.6254,3,360
cov4,Cov4,id,avg_sum_reward,0.6167,0.0417,3,360
cov4,Cov4,id,n_episodes,120.0000,0.0000,3,360
cov4,Cov4,id,n_success,47.6667,3.9299,3,360
cov4,Cov4,id,pc_no_stage0,38.6111,3.2035,3,360
cov4,Cov4,id,pc_obj0_legal_given_place_obj0,95.4712,0.3894,3,360
cov4,Cov4,id,pc_pick_obj0,97.2222,1.1111,3,360
cov4,Cov4,id,pc_pick_obj1,53.8889,1.9444,3,360
cov4,Cov4,id,pc_place_obj0,61.3889,3.2035,3,360
cov4,Cov4,id,pc_place_obj0_correct,58.6111,3.0932,3,360
cov4,Cov4,id,pc_place_obj1,40.2778,3.2035,3,360
cov4,Cov4,id,pc_place_obj1_correct,39.7222,3.2750,3,360
cov4,Cov4,id,pc_place_obj1_wrong,0.5556,0.2778,3,360
cov4,Cov4,id,pc_same_container_given_place_obj0,4.5288,0.3894,3,360
cov4,Cov4,id,pc_same_container_violation,2.7778,0.2778,3,360
cov4,Cov4,id,pc_stage0_only,18.8889,0.2778,3,360
cov4,Cov4,id,pc_stage0_success,61.3889,3.2035,3,360
cov4,Cov4,id,pc_stage0_to_bin,18.3333,1.4434,3,360
cov4,Cov4,id,pc_stage0_to_mug,14.7222,1.3889,3,360
cov4,Cov4,id,pc_stage0_to_mug_no_handle,13.6111,1.1111,3,360
cov4,Cov4,id,pc_stage0_to_plate,14.7222,2.0031,3,360
cov4,Cov4,id,pc_stage1_success,39.7222,3.2750,3,360
cov4,Cov4,id,pc_stage1_to_bin,11.3889,1.2108,3,360
cov4,Cov4,id,pc_stage1_to_mug,10.2778,1.2108,3,360
cov4,Cov4,id,pc_stage1_to_mug_no_handle,8.0556,1.1111,3,360
cov4,Cov4,id,pc_stage1_to_plate,10.5556,1.0015,3,360
cov4,Cov4,id,pc_success,39.7222,3.2750,3,360
cov4,Cov4,id,std_ep_length,65.7527,2.5510,3,360
cov6,Cov6,id,avg_ep_length,463.7188,7.7602,4,480
cov6,Cov6,id,avg_max_reward,0.3667,0.0671,4,480
cov6,Cov6,id,avg_pick_obj0_step,62.4214,2.1153,4,480
cov6,Cov6,id,avg_pick_obj1_step,260.9965,3.3174,4,480
cov6,Cov6,id,avg_stage0_step,206.5339,2.7159,4,480
cov6,Cov6,id,avg_stage1_step,380.3532,6.1065,4,480
cov6,Cov6,id,avg_sum_reward,0.4875,0.0798,4,480
cov6,Cov6,id,n_episodes,120.0000,0.0000,4,480
cov6,Cov6,id,n_success,36.7500,8.1892,4,480
cov6,Cov6,id,pc_no_stage0,44.5833,5.1539,4,480
cov6,Cov6,id,pc_obj0_legal_given_place_obj0,92.4200,1.6950,4,480
cov6,Cov6,id,pc_pick_obj0,93.5417,3.2520,4,480
cov6,Cov6,id,pc_pick_obj1,44.7917,6.1083,4,480
cov6,Cov6,id,pc_place_obj0,55.4167,5.1539,4,480
cov6,Cov6,id,pc_place_obj0_correct,51.4583,5.6864,4,480
cov6,Cov6,id,pc_place_obj1,30.6250,6.8243,4,480
cov6,Cov6,id,pc_place_obj1_correct,30.6250,6.8243,4,480
cov6,Cov6,id,pc_place_obj1_wrong,0.0000,0.0000,4,480
cov6,Cov6,id,pc_same_container_given_place_obj0,7.5800,1.6950,4,480
cov6,Cov6,id,pc_same_container_violation,3.9583,0.6250,4,480
cov6,Cov6,id,pc_stage0_only,20.8333,3.6164,4,480
cov6,Cov6,id,pc_stage0_success,55.4167,5.1539,4,480
cov6,Cov6,id,pc_stage0_to_bin,15.4167,1.9691,4,480
cov6,Cov6,id,pc_stage0_to_mug,11.8750,1.6448,4,480
cov6,Cov6,id,pc_stage0_to_mug_no_handle,14.7917,3.2874,4,480
cov6,Cov6,id,pc_stage0_to_plate,13.3333,1.0206,4,480
cov6,Cov6,id,pc_stage1_success,30.6250,6.8243,4,480
cov6,Cov6,id,pc_stage1_to_bin,5.4167,2.3936,4,480
cov6,Cov6,id,pc_stage1_to_mug,10.6250,4.6195,4,480
cov6,Cov6,id,pc_stage1_to_mug_no_handle,2.7083,0.9239,4,480
cov6,Cov6,id,pc_stage1_to_plate,11.8750,3.7326,4,480
cov6,Cov6,id,pc_success,30.6250,6.8243,4,480
cov6,Cov6,id,std_ep_length,56.3292,3.7310,4,480
cov9,Cov9,id,avg_ep_length,456.7889,2.1129,3,360
cov9,Cov9,id,avg_max_reward,0.4056,0.0073,3,360
cov9,Cov9,id,avg_pick_obj0_step,59.9284,3.1005,3,360
cov9,Cov9,id,avg_pick_obj1_step,258.8499,2.8204,3,360
cov9,Cov9,id,avg_stage0_step,189.2505,2.1866,3,360
cov9,Cov9,id,avg_stage1_step,374.6842,3.7035,3,360
cov9,Cov9,id,avg_sum_reward,0.5111,0.0182,3,360
cov9,Cov9,id,n_episodes,120.0000,0.0000,3,360
cov9,Cov9,id,n_success,41.3333,0.8819,3,360
cov9,Cov9,id,pc_no_stage0,41.1111,1.5466,3,360
cov9,Cov9,id,pc_obj0_legal_given_place_obj0,96.7501,1.1749,3,360
cov9,Cov9,id,pc_pick_obj0,95.0000,1.7347,3,360
cov9,Cov9,id,pc_pick_obj1,50.8333,1.2729,3,360
cov9,Cov9,id,pc_place_obj0,58.8889,1.5466,3,360
cov9,Cov9,id,pc_place_obj0_correct,56.9444,1.0015,3,360
cov9,Cov9,id,pc_place_obj1,34.7222,1.0015,3,360
cov9,Cov9,id,pc_place_obj1_correct,34.4444,0.7349,3,360
cov9,Cov9,id,pc_place_obj1_wrong,0.2778,0.2778,3,360
cov9,Cov9,id,pc_same_container_given_place_obj0,3.2499,1.1749,3,360
cov9,Cov9,id,pc_same_container_violation,1.9444,0.7349,3,360
cov9,Cov9,id,pc_stage0_only,22.5000,0.4811,3,360
cov9,Cov9,id,pc_stage0_success,58.8889,1.5466,3,360
cov9,Cov9,id,pc_stage0_to_bin,15.2778,1.4699,3,360
cov9,Cov9,id,pc_stage0_to_mug,15.0000,1.2729,3,360
cov9,Cov9,id,pc_stage0_to_mug_no_handle,12.5000,2.2048,3,360
cov9,Cov9,id,pc_stage0_to_plate,16.1111,2.1695,3,360
cov9,Cov9,id,pc_stage1_success,34.4444,0.7349,3,360
cov9,Cov9,id,pc_stage1_to_bin,4.1667,0.8333,3,360
cov9,Cov9,id,pc_stage1_to_mug,8.8889,2.1695,3,360
cov9,Cov9,id,pc_stage1_to_mug_no_handle,6.6667,0.4811,3,360
cov9,Cov9,id,pc_stage1_to_plate,15.0000,1.6667,3,360
cov9,Cov9,id,pc_success,34.4444,0.7349,3,360
cov9,Cov9,id,std_ep_length,63.6309,2.2061,3,360
cov12,Cov12,id,avg_ep_length,461.3306,3.9084,3,360
cov12,Cov12,id,avg_max_reward,0.3778,0.0182,3,360
cov12,Cov12,id,avg_pick_obj0_step,58.4530,1.9566,3,360
cov12,Cov12,id,avg_pick_obj1_step,257.9646,3.9923,3,360
cov12,Cov12,id,avg_stage0_step,204.9984,7.1415,3,360
cov12,Cov12,id,avg_stage1_step,378.3071,6.1444,3,360
cov12,Cov12,id,avg_sum_reward,0.4750,0.0255,3,360
cov12,Cov12,id,n_episodes,120.0000,0.0000,3,360
cov12,Cov12,id,n_success,38.0000,2.6458,3,360
cov12,Cov12,id,pc_no_stage0,44.7222,1.2108,3,360
cov12,Cov12,id,pc_obj0_legal_given_place_obj0,91.5109,1.6328,3,360
cov12,Cov12,id,pc_pick_obj0,93.6111,1.5466,3,360
cov12,Cov12,id,pc_pick_obj1,45.8333,1.2729,3,360
cov12,Cov12,id,pc_place_obj0,55.2778,1.2108,3,360
cov12,Cov12,id,pc_place_obj0_correct,50.5556,0.7349,3,360
cov12,Cov12,id,pc_place_obj1,31.9444,2.0031,3,360
cov12,Cov12,id,pc_place_obj1_correct,31.6667,2.2048,3,360
cov12,Cov12,id,pc_place_obj1_wrong,0.2778,0.2778,3,360
cov12,Cov12,id,pc_same_container_given_place_obj0,8.4891,1.6328,3,360
cov12,Cov12,id,pc_same_container_violation,4.7222,1.0015,3,360
cov12,Cov12,id,pc_stage0_only,18.8889,1.5466,3,360
cov12,Cov12,id,pc_stage0_success,55.2778,1.2108,3,360
cov12,Cov12,id,pc_stage0_to_bin,13.6111,1.9444,3,360
cov12,Cov12,id,pc_stage0_to_mug,16.3889,3.1304,3,360
cov12,Cov12,id,pc_stage0_to_mug_no_handle,9.7222,2.2737,3,360
cov12,Cov12,id,pc_stage0_to_plate,15.5556,1.0015,3,360
cov12,Cov12,id,pc_stage1_success,31.6667,2.2048,3,360
cov12,Cov12,id,pc_stage1_to_bin,7.2222,0.7349,3,360
cov12,Cov12,id,pc_stage1_to_mug,5.8333,1.2729,3,360
cov12,Cov12,id,pc_stage1_to_mug_no_handle,8.0556,1.4699,3,360
cov12,Cov12,id,pc_stage1_to_plate,10.8333,2.2048,3,360
cov12,Cov12,id,pc_success,31.6667,2.2048,3,360
cov12,Cov12,id,std_ep_length,60.2497,3.0237,3,360
full,Full,id,avg_ep_length,454.9991,0.9006,3,1080
full,Full,id,avg_max_reward,0.4500,0.0058,3,1080
full,Full,id,avg_pick_obj0_step,57.9126,1.5933,3,1080
full,Full,id,avg_pick_obj1_step,260.2694,2.2493,3,1080
full,Full,id,avg_stage0_step,205.5894,1.1450,3,1080
full,Full,id,avg_stage1_step,379.6705,1.1919,3,1080
full,Full,id,avg_sum_reward,0.5602,0.0065,3,1080
full,Full,id,n_episodes,360.0000,0.0000,3,1080
full,Full,id,n_success,134.6667,3.1798,3,1080
full,Full,id,pc_no_stage0,33.6111,2.9702,3,1080
full,Full,id,pc_obj0_legal_given_place_obj0,91.5949,0.4858,3,1080
full,Full,id,pc_pick_obj0,94.9074,0.3704,3,1080
full,Full,id,pc_pick_obj1,56.6667,3.1955,3,1080
full,Full,id,pc_place_obj0,66.3889,2.9702,3,1080
full,Full,id,pc_place_obj0_correct,60.8333,3.0046,3,1080
full,Full,id,pc_place_obj1,38.9815,0.8072,3,1080
full,Full,id,pc_place_obj1_correct,37.4074,0.8833,3,1080
full,Full,id,pc_place_obj1_wrong,1.5741,1.1821,3,1080
full,Full,id,pc_same_container_given_place_obj0,8.4051,0.4858,3,1080
full,Full,id,pc_same_container_violation,5.5556,0.1604,3,1080
full,Full,id,pc_stage0_only,23.4259,3.4259,3,1080
full,Full,id,pc_stage0_success,66.3889,2.9702,3,1080
full,Full,id,pc_stage0_to_bin,16.0185,1.2037,3,1080
full,Full,id,pc_stage0_to_mug,15.0926,2.2756,3,1080
full,Full,id,pc_stage0_to_mug_no_handle,16.3889,1.5299,3,1080
full,Full,id,pc_stage0_to_plate,18.8889,1.5299,3,1080
full,Full,id,pc_stage1_success,37.4074,0.8833,3,1080
full,Full,id,pc_stage1_to_bin,8.8889,0.3208,3,1080
full,Full,id,pc_stage1_to_mug,8.5185,0.3704,3,1080
full,Full,id,pc_stage1_to_mug_no_handle,9.2593,0.1852,3,1080
full,Full,id,pc_stage1_to_plate,12.3148,0.7407,3,1080
full,Full,id,pc_success,37.4074,0.8833,3,1080
full,Full,id,std_ep_length,62.9475,0.2186,3,1080
cov4,Cov4,ood,avg_ep_length,498.4125,1.3394,3,720
cov4,Cov4,ood,avg_max_reward,0.0597,0.0050,3,720
cov4,Cov4,ood,avg_pick_obj0_step,124.4738,19.8004,3,720
cov4,Cov4,ood,avg_pick_obj1_step,277.1723,8.3676,3,720
cov4,Cov4,ood,avg_stage0_step,286.1353,9.2677,3,720
cov4,Cov4,ood,avg_stage1_step,374.7500,2.2500,2,480
cov4,Cov4,ood,avg_sum_reward,0.0653,0.0061,3,720
cov4,Cov4,ood,n_episodes,240.0000,0.0000,3,720
cov4,Cov4,ood,n_success,3.0000,2.5166,3,720
cov4,Cov4,ood,pc_no_stage0,80.0000,4.5896,3,720
cov4,Cov4,ood,pc_obj0_legal_given_place_obj0,63.8262,1.7874,3,720
cov4,Cov4,ood,pc_pick_obj0,40.5556,7.3059,3,720
cov4,Cov4,ood,pc_pick_obj1,10.0000,2.9167,3,720
cov4,Cov4,ood,pc_place_obj0,20.0000,4.5896,3,720
cov4,Cov4,ood,pc_place_obj0_correct,12.7778,2.9885,3,720
cov4,Cov4,ood,pc_place_obj1,5.2778,1.7403,3,720
cov4,Cov4,ood,pc_place_obj1_correct,1.2500,1.0486,3,720
cov4,Cov4,ood,pc_place_obj1_wrong,4.0278,0.7349,3,720
cov4,Cov4,ood,pc_same_container_given_place_obj0,36.1738,1.7874,3,720
cov4,Cov4,ood,pc_same_container_violation,7.2222,1.6375,3,720
cov4,Cov4,ood,pc_stage0_only,11.5278,1.9444,3,720
cov4,Cov4,ood,pc_stage0_success,20.0000,4.5896,3,720
cov4,Cov4,ood,pc_stage0_to_bin,6.9444,0.8448,3,720
cov4,Cov4,ood,pc_stage0_to_mug,3.0556,1.8215,3,720
cov4,Cov4,ood,pc_stage0_to_mug_no_handle,4.4444,1.5278,3,720
cov4,Cov4,ood,pc_stage0_to_plate,5.5556,0.5556,3,720
cov4,Cov4,ood,pc_stage1_success,1.2500,1.0486,3,720
cov4,Cov4,ood,pc_stage1_to_bin,1.1111,0.5008,3,720
cov4,Cov4,ood,pc_stage1_to_mug,1.1111,0.3675,3,720
cov4,Cov4,ood,pc_stage1_to_mug_no_handle,1.8056,0.6054,3,720
cov4,Cov4,ood,pc_stage1_to_plate,1.2500,1.0486,3,720
cov4,Cov4,ood,pc_success,1.2500,1.0486,3,720
cov4,Cov4,ood,std_ep_length,10.5815,7.0039,3,720
cov6,Cov6,ood,avg_ep_length,491.9010,1.5309,4,1080
cov6,Cov6,ood,avg_max_reward,0.1632,0.0249,4,1080
cov6,Cov6,ood,avg_pick_obj0_step,82.8423,9.6528,4,1080
cov6,Cov6,ood,avg_pick_obj1_step,267.8772,6.2715,4,1080
cov6,Cov6,ood,avg_stage0_step,250.1377,3.1776,4,1080
cov6,Cov6,ood,avg_stage1_step,387.9150,3.4693,4,1080
cov6,Cov6,ood,avg_sum_reward,0.1858,0.0284,4,1080
cov6,Cov6,ood,n_episodes,270.0000,30.0000,4,1080
cov6,Cov6,ood,n_success,19.2500,3.4731,4,1080
cov6,Cov6,ood,pc_no_stage0,60.4514,6.0493,4,1080
cov6,Cov6,ood,pc_obj0_legal_given_place_obj0,75.6236,2.9536,4,1080
cov6,Cov6,ood,pc_pick_obj0,72.1181,9.2750,4,1080
cov6,Cov6,ood,pc_pick_obj1,22.4306,3.4548,4,1080
cov6,Cov6,ood,pc_place_obj0,39.5486,6.0493,4,1080
cov6,Cov6,ood,pc_place_obj0_correct,29.5139,3.9729,4,1080
cov6,Cov6,ood,pc_place_obj1,13.4722,3.6044,4,1080
cov6,Cov6,ood,pc_place_obj1_correct,7.2222,1.3784,4,1080
cov6,Cov6,ood,pc_place_obj1_wrong,6.2500,2.9364,4,1080
cov6,Cov6,ood,pc_same_container_given_place_obj0,24.3764,2.9536,4,1080
cov6,Cov6,ood,pc_same_container_violation,10.0347,2.2376,4,1080
cov6,Cov6,ood,pc_stage0_only,22.2917,4.2780,4,1080
cov6,Cov6,ood,pc_stage0_success,39.5486,6.0493,4,1080
cov6,Cov6,ood,pc_stage0_to_bin,10.8681,2.3776,4,1080
cov6,Cov6,ood,pc_stage0_to_mug,9.1667,1.3286,4,1080
cov6,Cov6,ood,pc_stage0_to_mug_no_handle,10.3125,2.5309,4,1080
cov6,Cov6,ood,pc_stage0_to_plate,9.2014,1.3107,4,1080
cov6,Cov6,ood,pc_stage1_success,7.2222,1.3784,4,1080
cov6,Cov6,ood,pc_stage1_to_bin,1.8403,0.5479,4,1080
cov6,Cov6,ood,pc_stage1_to_mug,3.1944,2.1449,4,1080
cov6,Cov6,ood,pc_stage1_to_mug_no_handle,2.5694,0.7887,4,1080
cov6,Cov6,ood,pc_stage1_to_plate,5.8681,2.2527,4,1080
cov6,Cov6,ood,pc_success,7.2222,1.3784,4,1080
cov6,Cov6,ood,std_ep_length,30.1959,2.7796,4,1080
cov9,Cov9,ood,avg_ep_length,480.7056,0.5033,3,720
cov9,Cov9,ood,avg_max_reward,0.2403,0.0147,3,720
cov9,Cov9,ood,avg_pick_obj0_step,61.3321,2.0587,3,720
cov9,Cov9,ood,avg_pick_obj1_step,261.0464,8.1974,3,720
cov9,Cov9,ood,avg_stage0_step,226.6451,3.7707,3,720
cov9,Cov9,ood,avg_stage1_step,380.2754,1.1518,3,720
cov9,Cov9,ood,avg_sum_reward,0.2889,0.0153,3,720
cov9,Cov9,ood,n_episodes,240.0000,0.0000,3,720
cov9,Cov9,ood,n_success,38.6667,0.6667,3,720
cov9,Cov9,ood,pc_no_stage0,47.5000,4.1736,3,720
cov9,Cov9,ood,pc_obj0_legal_given_place_obj0,82.6760,1.4607,3,720
cov9,Cov9,ood,pc_pick_obj0,90.2778,2.3116,3,720
cov9,Cov9,ood,pc_pick_obj1,38.1944,3.5464,3,720
cov9,Cov9,ood,pc_place_obj0,52.5000,4.1736,3,720
cov9,Cov9,ood,pc_place_obj0_correct,43.4722,3.8665,3,720
cov9,Cov9,ood,pc_place_obj1,20.0000,1.3394,3,720
cov9,Cov9,ood,pc_place_obj1_correct,16.1111,0.2778,3,720
cov9,Cov9,ood,pc_place_obj1_wrong,3.8889,1.0848,3,720
cov9,Cov9,ood,pc_same_container_given_place_obj0,17.3240,1.4607,3,720
cov9,Cov9,ood,pc_same_container_violation,9.0278,0.7349,3,720
cov9,Cov9,ood,pc_stage0_only,27.3611,3.7756,3,720
cov9,Cov9,ood,pc_stage0_success,52.5000,4.1736,3,720
cov9,Cov9,ood,pc_stage0_to_bin,11.8056,1.5466,3,720
cov9,Cov9,ood,pc_stage0_to_mug,10.6944,0.7349,3,720
cov9,Cov9,ood,pc_stage0_to_mug_no_handle,16.1111,0.7733,3,720
cov9,Cov9,ood,pc_stage0_to_plate,13.8889,2.3116,3,720
cov9,Cov9,ood,pc_stage1_success,16.1111,0.2778,3,720
cov9,Cov9,ood,pc_stage1_to_bin,5.6944,0.5008,3,720
cov9,Cov9,ood,pc_stage1_to_mug,4.0278,0.5556,3,720
cov9,Cov9,ood,pc_stage1_to_mug_no_handle,6.2500,1.0486,3,720
cov9,Cov9,ood,pc_stage1_to_plate,4.0278,0.6054,3,720
cov9,Cov9,ood,pc_success,16.1111,0.2778,3,720
cov9,Cov9,ood,std_ep_length,46.9831,0.2189,3,720
cov12,Cov12,ood,avg_ep_length,475.7319,4.2689,3,720
cov12,Cov12,ood,avg_max_reward,0.2750,0.0127,3,720
cov12,Cov12,ood,avg_pick_obj0_step,65.0051,2.3767,3,720
cov12,Cov12,ood,avg_pick_obj1_step,261.5503,6.9707,3,720
cov12,Cov12,ood,avg_stage0_step,223.3335,6.9861,3,720
cov12,Cov12,ood,avg_stage1_step,369.9107,4.4034,3,720
cov12,Cov12,ood,avg_sum_reward,0.3444,0.0182,3,720
cov12,Cov12,ood,n_episodes,240.0000,0.0000,3,720
cov12,Cov12,ood,n_success,44.3333,6.4893,3,720
cov12,Cov12,ood,pc_no_stage0,45.9722,0.5008,3,720
cov12,Cov12,ood,pc_obj0_legal_given_place_obj0,84.3054,4.5910,3,720
cov12,Cov12,ood,pc_pick_obj0,89.4444,1.8215,3,720
cov12,Cov12,ood,pc_pick_obj1,41.1111,2.8498,3,720
cov12,Cov12,ood,pc_place_obj0,54.0278,0.5008,3,720
cov12,Cov12,ood,pc_place_obj0_correct,45.5556,2.5723,3,720
cov12,Cov12,ood,pc_place_obj1,24.0278,2.1828,3,720
cov12,Cov12,ood,pc_place_obj1_correct,18.4722,2.7039,3,720
cov12,Cov12,ood,pc_place_obj1_wrong,5.5556,0.5556,3,720
cov12,Cov12,ood,pc_same_container_given_place_obj0,15.6946,4.5910,3,720
cov12,Cov12,ood,pc_same_container_violation,8.4722,2.4572,3,720
cov12,Cov12,ood,pc_stage0_only,27.0833,0.7217,3,720
cov12,Cov12,ood,pc_stage0_success,54.0278,0.5008,3,720
cov12,Cov12,ood,pc_stage0_to_bin,14.7222,1.9295,3,720
cov12,Cov12,ood,pc_stage0_to_mug,12.9167,1.1024,3,720
cov12,Cov12,ood,pc_stage0_to_mug_no_handle,11.8056,2.0031,3,720
cov12,Cov12,ood,pc_stage0_to_plate,14.5833,2.3693,3,720
cov12,Cov12,ood,pc_stage1_success,18.4722,2.7039,3,720
cov12,Cov12,ood,pc_stage1_to_bin,6.1111,0.6054,3,720
cov12,Cov12,ood,pc_stage1_to_mug,4.8611,1.1369,3,720
cov12,Cov12,ood,pc_stage1_to_mug_no_handle,6.6667,0.4167,3,720
cov12,Cov12,ood,pc_stage1_to_plate,6.3889,0.9722,3,720
cov12,Cov12,ood,pc_success,18.4722,2.7039,3,720
cov12,Cov12,ood,std_ep_length,52.4624,4.2737,3,720
